date_on_site,title,section,category,status,site_url,content_file,facebook_primary_source,facebook_other_sources,media_count,media_files,notes
2024-12-06,"ЗСУ та св. Миколай, чудове поєднання!",reports,zsu,already_on_live_site,https://avku.org/reports/#report-report-2024-st-nicholas-210,apps/web/src/content/reports/report-2024-st-nicholas-210.md,,,1,images/gallery/Фото звіт 2024/1.jpg,Дата из сайта; даты события и Facebook-публикации независимо не проверены. В записи нет ссылки на исходный Facebook-пост.
2024-12-07,Жодного дня без добрих справ,reports,humanitarian,already_on_live_site,https://avku.org/reports/#report-report-2024-socks-antonov,apps/web/src/content/reports/report-2024-socks-antonov.md,,,1,images/gallery/Фото звіт 2024/2.jpg,Дата из сайта; даты события и Facebook-публикации независимо не проверены. В записи нет ссылки на исходный Facebook-пост.
2024-12-14,Ментальне здоров’я: підтримка «ВАЛАРТІН ФАРМА»,reports,partners,already_on_live_site,https://avku.org/reports/#report-report-2024-valartin-mental-health,apps/web/src/content/reports/report-2024-valartin-mental-health.md,,,3,images/gallery/Фото звіт 2024/4.jpg | images/gallery/Фото звіт 2024/04.jpg | images/gallery/Фото звіт 2024/044.jpg,Дата из сайта; даты события и Facebook-публикации независимо не проверены. В записи нет ссылки на исходный Facebook-пост.
2024-12-14,Відзнака «Герої без зброї» до Дня волонтера,reports,other,already_on_live_site,https://avku.org/reports/#report-report-2024-volunteer-day-znamennia,apps/web/src/content/reports/report-2024-volunteer-day-znamennia.md,,,1,images/gallery/Фото звіт 2024/3.jpg,Дата из сайта; даты события и Facebook-публикации независимо не проверены. В записи нет ссылки на исходный Facebook-пост.
2024-12-14,Тепла багато не буває: готуємо грілки для ЗСУ,reports,other,already_on_live_site,https://avku.org/reports/#report-report-2024-warmers-production,apps/web/src/content/reports/report-2024-warmers-production.md,,,5,images/gallery/Фото звіт 2024/5.jpg | images/gallery/Фото звіт 2024/05.jpg | images/gallery/Фото звіт 2024/055.jpg | images/gallery/Фото звіт 2024/0555.jpg | images/gallery/Фото звіт 2024/05555.jpg,Дата из сайта; даты события и Facebook-публикации независимо не проверены. В записи нет ссылки на исходный Facebook-пост.
2024-12-17,Світло віри: служіння Митрополита Сергія та волонтерів,reports,partners,already_on_live_site,https://avku.org/reports/#report-report-2024-mariupol-hub-serhiy,apps/web/src/content/reports/report-2024-mariupol-hub-serhiy.md,,,8,images/gallery/Фото звіт 2024/5.jpg | images/gallery/Фото звіт 2024/13.jpg | images/gallery/Фото звіт 2024/14.jpg | images/gallery/Фото звіт 2024/15.jpg | images/gallery/Фото звіт 2024/16.jpg | images/gallery/Фото звіт 2024/17.jpg | images/gallery/Фото звіт 2024/18.jpg | images/gallery/Фото звіт 2024/19.jpg,Дата из сайта; даты события и Facebook-публикации независимо не проверены. В записи нет ссылки на исходный Facebook-пост.
2024-12-19,Особливі гості: зустріч з Ростиславом Кирницьким,reports,partners,already_on_live_site,https://avku.org/reports/#report-report-2024-dec-19-rostyslav-visit,apps/web/src/content/reports/report-2024-dec-19-rostyslav-visit.md,,,1,images/gallery/Фото звіт 2024/20.jpg,Дата из сайта; даты события и Facebook-публикации независимо не проверены. В записи нет ссылки на исходный Facebook-пост.
2024-12-19,Агенти змін: форум волонтерів пробації,reports,partners,already_on_live_site,https://avku.org/reports/#report-report-2024-probation-forum,apps/web/src/content/reports/report-2024-probation-forum.md,,,13,images/gallery/Фото звіт 2024/21.jpg | images/gallery/Фото звіт 2024/22.jpg | images/gallery/Фото звіт 2024/23.jpg | images/gallery/Фото звіт 2024/24.jpg | images/gallery/Фото звіт 2024/25.jpg | images/gallery/Фото звіт 2024/26.jpg | images/gallery/Фото звіт 2024/27.jpg | images/gallery/Фото звіт 2024/28.jpg | images/gallery/Фото звіт 2024/29.jpg | images/gallery/Фото звіт 2024/30.jpg | images/gallery/Фото звіт 2024/31.jpg | images/gallery/Фото звіт 2024/32.jpg | images/gallery/Фото звіт 2024/33.jpg,Дата из сайта; даты события и Facebook-публикации независимо не проверены. В записи нет ссылки на исходный Facebook-пост.
2024-12-21,Інновації для фронту: закрита конференція безпілотних систем,reports,partners,already_on_live_site,https://avku.org/reports/#report-report-2024-drone-conference,apps/web/src/content/reports/report-2024-drone-conference.md,,,3,images/gallery/Фото звіт 2024/35.jpg | images/gallery/Фото звіт 2024/36.jpg | images/gallery/Фото звіт 2024/37.jpg,Дата из сайта; даты события и Facebook-публикации независимо не проверены. В записи нет ссылки на исходный Facebook-пост.
2024-12-23,Різдво з 210 ОШП: подарунки та спільна молитва,reports,zsu,already_on_live_site,https://avku.org/reports/#report-report-2024-christmas-210-cats,apps/web/src/content/reports/report-2024-christmas-210-cats.md,,,8,images/gallery/Фото звіт 2024/41.jpg | images/gallery/Фото звіт 2024/42.jpg | images/gallery/Фото звіт 2024/43.jpg | images/gallery/Фото звіт 2024/44.jpg | images/gallery/Фото звіт 2024/45.jpg | images/gallery/Фото звіт 2024/46.jpg | images/gallery/Фото звіт 2024/47.jpg | images/gallery/Фото звіт 2024/48.jpg,Дата из сайта; даты события и Facebook-публикации независимо не проверены. В записи нет ссылки на исходный Facebook-пост.
2024-12-24,Спільна молитва та різдвяні дарунки для 210 ОШП,reports,zsu,already_on_live_site,https://avku.org/reports/#report-report-2024-christmas-prayer-210,apps/web/src/content/reports/report-2024-christmas-prayer-210.md,,,5,images/gallery/Фото звіт 2024/49.jpg | images/gallery/Фото звіт 2024/50.jpg | images/gallery/Фото звіт 2024/51.jpg | images/gallery/Фото звіт 2024/52.jpg | images/gallery/Фото звіт 2024/53.jpg,Дата из сайта; даты события и Facebook-публикации независимо не проверены. В записи нет ссылки на исходный Facebook-пост.
2024-12-25,Різдвяна місія: Біличанські Котики та Ростислав Кирницький,reports,zsu,already_on_live_site,https://avku.org/reports/#report-report-2024-christmas-delivery-bilychanski,apps/web/src/content/reports/report-2024-christmas-delivery-bilychanski.md,,,2,images/gallery/Фото звіт 2024/54.jpg | images/gallery/Фото звіт 2024/55.jpg,Дата из сайта; даты события и Facebook-публикации независимо не проверены. В записи нет ссылки на исходный Facebook-пост.
2024-12-26,Різдвяна молитва та колядки: єднання духу,reports,partners,already_on_live_site,https://avku.org/reports/#report-report-2024-christmas-service-vvedennya,apps/web/src/content/reports/report-2024-christmas-service-vvedennya.md,,,2,images/gallery/Фото звіт 2024/56.jpg | images/gallery/Фото звіт 2024/57.jpg,Дата из сайта; даты события и Facebook-публикации независимо не проверены. В записи нет ссылки на исходный Facebook-пост.
2024-12-26,Танець добра: 58 000 грн на ЗСУ від Dance Studio Luna,reports,partners,already_on_live_site,https://avku.org/reports/#report-report-2024-luna-charity-show,apps/web/src/content/reports/report-2024-luna-charity-show.md,,,7,images/gallery/Фото звіт 2024/58.jpg | images/gallery/Фото звіт 2024/59.jpg | images/gallery/Фото звіт 2024/60.jpg | images/gallery/Фото звіт 2024/61.jpg | images/gallery/Фото звіт 2024/64.jpg | images/gallery/Фото звіт 2024/62.jpg | images/gallery/Фото звіт 2024/63.jpg,Дата из сайта; даты события и Facebook-публикации независимо не проверены. В записи нет ссылки на исходный Facebook-пост.
2024-12-26,Новорічні ініціативи наших партнерів,reports,partners,already_on_live_site,https://avku.org/reports/#report-report-2024-new-year-event,apps/web/src/content/reports/report-2024-new-year-event.md,,,7,images/gallery/Фото звіт 2024/65.jpg | images/gallery/Фото звіт 2024/66.jpg | images/gallery/Фото звіт 2024/67.jpg | images/gallery/Фото звіт 2024/68.jpg | images/gallery/Фото звіт 2024/69.jpg | images/gallery/Фото звіт 2024/70.jpg | images/gallery/Фото звіт 2024/71.jpg,Дата из сайта; даты события и Facebook-публикации независимо не проверены. В записи нет ссылки на исходный Facebook-пост.
2024-12-28,Різдвяна коляда для 210 ОШП від капели Лятошинського,reports,partners,already_on_live_site,https://avku.org/reports/#report-report-2024-liatoshynsky-choir-carols,apps/web/src/content/reports/report-2024-liatoshynsky-choir-carols.md,,,2,images/gallery/Фото звіт 2024/74.jpg | images/gallery/Фото звіт 2024/75.jpg,Дата из сайта; даты события и Facebook-публикации независимо не проверены. В записи нет ссылки на исходный Facebook-пост.
2024-12-29,Храмове свято Остробрамської ікони: радість громади,reports,partners,already_on_live_site,https://avku.org/reports/#report-report-2024-ostrobramska-feast,apps/web/src/content/reports/report-2024-ostrobramska-feast.md,,,11,images/gallery/Фото звіт 2024/76.jpg | images/gallery/Фото звіт 2024/77.jpg | images/gallery/Фото звіт 2024/78.jpg | images/gallery/Фото звіт 2024/79.jpg | images/gallery/Фото звіт 2024/80.jpg | images/gallery/Фото звіт 2024/81.jpg | images/gallery/Фото звіт 2024/82.jpg | images/gallery/Фото звіт 2024/83.jpg | images/gallery/Фото звіт 2024/84.jpg | images/gallery/Фото звіт 2024/85.jpg | images/gallery/Фото звіт 2024/86.jpg,Дата из сайта; даты события и Facebook-публикации независимо не проверены. В записи нет ссылки на исходный Facebook-пост.
2024-12-31,Передноворічна підтримка 95-ї бригади,reports,zsu,already_on_live_site,https://avku.org/reports/#report-report-2024-new-year-95odshbr,apps/web/src/content/reports/report-2024-new-year-95odshbr.md,,,1,images/gallery/Фото звіт 2024/88.jpg,Дата из сайта; даты события и Facebook-публикации независимо не проверены. В записи нет ссылки на исходный Facebook-пост.
2025-01-01,Системна підтримка: підсумки роботи партнерів,reports,partners,already_on_live_site,https://avku.org/reports/#report-report-2024-kolodii-bohatyrchuk-results,apps/web/src/content/reports/report-2024-kolodii-bohatyrchuk-results.md,,,1,images/gallery/Фото звіт 2024/89.jpg,Дата из сайта; даты события и Facebook-публикации независимо не проверены. В записи нет ссылки на исходный Facebook-пост.
2025-01-01,«Біличанські Котики»: незламна праця у 2025 році,reports,partners,already_on_live_site,https://avku.org/reports/#report-report-2025-bilychanski-kotyky-start,apps/web/src/content/reports/report-2025-bilychanski-kotyky-start.md,,,10,images/gallery/Фото звіт 2025/8-1.jpg | images/gallery/Фото звіт 2025/8-2.jpg | images/gallery/Фото звіт 2025/8-3.jpg | images/gallery/Фото звіт 2025/8-4.jpg | images/gallery/Фото звіт 2025/8-5.jpg | images/gallery/Фото звіт 2025/8-6.jpg | images/gallery/Фото звіт 2025/8-7.jpg | images/gallery/Фото звіт 2025/8-8.jpg | images/gallery/Фото звіт 2025/8-9.jpg | images/gallery/Фото звіт 2025/8-10.jpg,Дата из сайта; даты события и Facebook-публикации независимо не проверены. В записи нет ссылки на исходный Facebook-пост.
2025-01-05,Донецький напрямок: звіт від «Біличанських Котиків»,reports,partners,already_on_live_site,https://avku.org/reports/#report-report-2025-donetsk-aid-bilychanski,apps/web/src/content/reports/report-2025-donetsk-aid-bilychanski.md,,,1,images/gallery/Фото звіт 2025/10.jpg,Дата из сайта; даты события и Facebook-публикации независимо не проверены. В записи нет ссылки на исходный Facebook-пост.
2025-01-06,Підтримка «Бойових Швачок»: передали набори харчування,reports,partners,already_on_live_site,https://avku.org/reports/#report-report-2025-combat-seamstresses,apps/web/src/content/reports/report-2025-combat-seamstresses.md,,,2,images/gallery/Фото звіт 2025/11-1.jpg | images/gallery/Фото звіт 2025/11-2.jpg,Дата из сайта; даты события и Facebook-публикации независимо не проверены. В записи нет ссылки на исходный Facebook-пост.
2025-01-09,Звіт по дронах: співпраця з «Social Drone» для 210 ОШП,reports,zsu,already_on_live_site,https://avku.org/reports/#report-report-2025-fpv-210-social-drone,apps/web/src/content/reports/report-2025-fpv-210-social-drone.md,,,4,images/gallery/Фото звіт 2025/12-1.jpg | images/gallery/Фото звіт 2025/12-2.jpg | images/gallery/Фото звіт 2025/12-3.jpg | images/gallery/Фото звіт 2025/12-4.jpg,Дата из сайта; даты события и Facebook-публикации независимо не проверены. В записи нет ссылки на исходный Facebook-пост.
2025-01-09,Домашнє тепло для героїв: смаколики у реабілітаційний центр,reports,partners,already_on_live_site,https://avku.org/reports/#report-report-2025-sviatoshyn-rehab-treats,apps/web/src/content/reports/report-2025-sviatoshyn-rehab-treats.md,,,8,images/gallery/Фото звіт 2025/13-1.jpg | images/gallery/Фото звіт 2025/13-2.jpg | images/gallery/Фото звіт 2025/13-3.jpg | images/gallery/Фото звіт 2025/13-4.jpg | images/gallery/Фото звіт 2025/13-5.jpg | images/gallery/Фото звіт 2025/13-6.jpg | images/gallery/Фото звіт 2025/13-7.jpg | images/gallery/Фото звіт 2025/13-8.jpg,Дата из сайта; даты события и Facebook-публикации независимо не проверены. В записи нет ссылки на исходный Facebook-пост.
2025-01-14,Одяг та аптечки на фронт: допомога від партнерів,reports,partners,already_on_live_site,https://avku.org/reports/#report-report-2025-samaritans-witt-aid,apps/web/src/content/reports/report-2025-samaritans-witt-aid.md,,,4,images/gallery/Фото звіт 2025/17-1.jpg | images/gallery/Фото звіт 2025/17-2.jpg | images/gallery/Фото звіт 2025/17-3.jpg | images/gallery/Фото звіт 2025/17-4.jpg,Дата из сайта; даты события и Facebook-публикации независимо не проверены. В записи нет ссылки на исходный Facebook-пост.
2025-01-15,Свято для дітей: благодійна вистава від Dance Studio Luna,reports,partners,already_on_live_site,https://avku.org/reports/#report-report-2025-luna-kids-charity,apps/web/src/content/reports/report-2025-luna-kids-charity.md,,,2,images/gallery/Фото звіт 2025/18-1.jpg | images/gallery/Фото звіт 2025/18-2.jpg,Дата из сайта; даты события и Facebook-публикации независимо не проверены. В записи нет ссылки на исходный Facebook-пост.
2025-01-16,Відновлення героїв: підтримка у реабілітаційному центрі,reports,partners,already_on_live_site,https://avku.org/reports/#report-report-2025-rehab-center-support,apps/web/src/content/reports/report-2025-rehab-center-support.md,,,5,images/gallery/Фото звіт 2025/19-1.jpg | images/gallery/Фото звіт 2025/19-2.jpg | images/gallery/Фото звіт 2025/19-3.jpg | images/gallery/Фото звіт 2025/19-4.jpg | images/gallery/Фото звіт 2025/19-5.jpg,Дата из сайта; даты события и Facebook-публикации независимо не проверены. В записи нет ссылки на исходный Facebook-пост.
2025-01-20,Допомога 159 ОМБр: звіт Ростислава Кирницького,reports,zsu,already_on_live_site,https://avku.org/reports/#report-report-2025-159ombrigade-kyrnytskyi,apps/web/src/content/reports/report-2025-159ombrigade-kyrnytskyi.md,,,2,images/gallery/Фото звіт 2025/20-1.jpg | images/gallery/Фото звіт 2025/20-2.jpg,Дата из сайта; даты события и Facebook-публикации независимо не проверены. В записи нет ссылки на исходный Facebook-пост.
2025-01-21,«Сурми звитяги»: фестиваль до Дня Соборності,reports,partners,already_on_live_site,https://avku.org/reports/#report-report-2025-surmy-zvytyahy-desantnyk,apps/web/src/content/reports/report-2025-surmy-zvytyahy-desantnyk.md,,,4,images/gallery/Фото звіт 2025/21-1.jpg | images/gallery/Фото звіт 2025/21-3.jpg | images/gallery/Фото звіт 2025/21-2.jpg | images/gallery/Фото звіт 2025/21-4.jpg,Дата из сайта; даты события и Facebook-публикации независимо не проверены. В записи нет ссылки на исходный Facebook-пост.
2025-01-22,«Сурми звитяги»: 150 дітей об’єдналися піснею до Дня Соборності,reports,partners,already_on_live_site,https://avku.org/reports/#report-report-2025-surmy-zvytyahy-contest-unity,apps/web/src/content/reports/report-2025-surmy-zvytyahy-contest-unity.md,,,7,images/gallery/Фото звіт 2025/25-1.jpg | images/gallery/Фото звіт 2025/25-2.jpg | images/gallery/Фото звіт 2025/25-3.jpg | images/gallery/Фото звіт 2025/25-4.jpg | images/gallery/Фото звіт 2025/25-5.jpg | images/gallery/Фото звіт 2025/25-6.jpg | images/gallery/Фото звіт 2025/25-7.jpg,Дата из сайта; даты события и Facebook-публикации независимо не проверены. В записи нет ссылки на исходный Facebook-пост.
2025-01-22,Домашня випічка для поранених: тепло і турбота,reports,partners,already_on_live_site,https://avku.org/reports/#report-report-2025-sviatoshyn-rehab-baking,apps/web/src/content/reports/report-2025-sviatoshyn-rehab-baking.md,,,6,images/gallery/Фото звіт 2025/22-1.jpg | images/gallery/Фото звіт 2025/22-2.jpg | images/gallery/Фото звіт 2025/22-3.jpg | images/gallery/Фото звіт 2025/22-4.jpg | images/gallery/Фото звіт 2025/22-5.jpg | images/gallery/Фото звіт 2025/22-6.jpg,Дата из сайта; даты события и Facebook-публикации независимо не проверены. В записи нет ссылки на исходный Facebook-пост.
2025-01-28,"Харчування, сітки та ліки: важлива допомога на передову",reports,partners,already_on_live_site,https://avku.org/reports/#report-report-2025-frontline-essentials-delivery,apps/web/src/content/reports/report-2025-frontline-essentials-delivery.md,,,1,images/gallery/Фото звіт 2025/26.jpg,Дата из сайта; даты события и Facebook-публикации независимо не проверены. В записи нет ссылки на исходный Facebook-пост.
2025-01-31,Святошинський центр діє: відправка допомоги на фронт,reports,partners,already_on_live_site,https://avku.org/reports/#report-report-2025-sviatoshyn-aglotkov-aid-jan,apps/web/src/content/reports/report-2025-sviatoshyn-aglotkov-aid-jan.md,,,7,images/gallery/Фото звіт 2025/30-1.jpg | images/gallery/Фото звіт 2025/30-2.jpg | images/gallery/Фото звіт 2025/30-3.jpg | images/gallery/Фото звіт 2025/30-4.jpg | images/gallery/Фото звіт 2025/30-5.jpg | images/gallery/Фото звіт 2025/30-6.jpg | images/gallery/Фото звіт 2025/30-7.jpg,Дата из сайта; даты события и Facebook-публикации независимо не проверены. В записи нет ссылки на исходный Facebook-пост.
2025-02-01,"Дуже холодно, але дуже треба: плетемо сітки!",reports,zsu,already_on_live_site,https://avku.org/reports/#report-report-2025-svyatoshynski-nets-feb,apps/web/src/content/reports/report-2025-svyatoshynski-nets-feb.md,,,7,images/gallery/Фото звіт 2025/625091673_26594554966811906_2399399028494990908_n.jpg | images/gallery/Фото звіт 2025/626865141_26594557673478302_8723019799670249433_n.jpg | images/gallery/Фото звіт 2025/625421861_26594557400144996_1105459542201377298_n.jpg | images/gallery/Фото звіт 2025/624578822_26594568483477221_9013316110742581802_n.jpg | images/gallery/Фото звіт 2025/624431212_26594566326810770_1925889987347428928_n.jpg | images/gallery/Фото звіт 2025/625834502_26594563413477728_7428381232314007214_n.jpg | images/gallery/Фото звіт 2025/624608229_26594561226811280_1392915805399784294_n.jpg,Дата из сайта; даты события и Facebook-публикации независимо не проверены. В записи нет ссылки на исходный Facebook-пост.
2025-02-03,Звіт від Ростислава Кирницького та потреби «Біличанських Котиків»,reports,partners,already_on_live_site,https://avku.org/reports/#report-report-2025-kyrnytskyi-bilychanski-needs,apps/web/src/content/reports/report-2025-kyrnytskyi-bilychanski-needs.md,,,4,images/gallery/Фото звіт 2025/32-1.jpg | images/gallery/Фото звіт 2025/32-2.jpg | images/gallery/Фото звіт 2025/32-3.jpg | images/gallery/Фото звіт 2025/32-4.jpg,Дата из сайта; даты события и Facebook-публикации независимо не проверены. В записи нет ссылки на исходный Facebook-пост.
2025-02-03,Підтримка морпіхів: звіт від Ростислава Кирницького,reports,partners,already_on_live_site,https://avku.org/reports/#report-report-2025-marines-kyrnytskyi,apps/web/src/content/reports/report-2025-marines-kyrnytskyi.md,,,1,images/gallery/Фото звіт 2025/31.jpg,Дата из сайта; даты события и Facebook-публикации независимо не проверены. В записи нет ссылки на исходный Facebook-пост.
2025-02-04,Єднання сил: меморандум зі «Святошинськими маскувальними сіточками»,reports,partners,already_on_live_site,https://avku.org/reports/#report-report-2025-memorandum-sviatoshyn-nets,apps/web/src/content/reports/report-2025-memorandum-sviatoshyn-nets.md,,,5,images/gallery/Фото звіт 2025/35-1.jpg | images/gallery/Фото звіт 2025/35-2.jpg | images/gallery/Фото звіт 2025/35-3.jpg | images/gallery/Фото звіт 2025/35-4.jpg | images/gallery/Фото звіт 2025/35-5.jpg,Дата из сайта; даты события и Facebook-публикации независимо не проверены. В записи нет ссылки на исходный Facebook-пост.
2025-02-04,Вісточка від танкістів: тепло душі у кожній сітці,reports,zsu,already_on_live_site,https://avku.org/reports/#report-report-2025-tank-crew-feedback,apps/web/src/content/reports/report-2025-tank-crew-feedback.md,,,1,images/gallery/Фото звіт 2025/34.jpg,Дата из сайта; даты события и Facebook-публикации независимо не проверены. В записи нет ссылки на исходный Facebook-пост.
2025-02-09,Зустріч з капеланом 116 ОМБр: передали важливу допомогу,reports,zsu,already_on_live_site,https://avku.org/reports/#report-report-2025-116ombr-chaplain-aid,apps/web/src/content/reports/report-2025-116ombr-chaplain-aid.md,,,4,images/gallery/Фото звіт 2025/490135245_2080870802380733_4795921814108916999_n.jpg | images/gallery/Фото звіт 2025/489897613_2080870809047399_2225442386295910844_n.jpg | images/gallery/Фото звіт 2025/489533697_2080870875714059_4230991322243287276_n.jpg | images/gallery/Фото звіт 2025/489747397_2080871202380693_1119308479303962184_n.jpg,Дата из сайта; даты события и Facebook-публикации независимо не проверены. В записи нет ссылки на исходный Facebook-пост.
2025-02-09,Десятий «Mavic» на фронт: допомога 56-й бригаді від громади храму,reports,zsu,already_on_live_site,https://avku.org/reports/#report-report-2025-mavic-znamennia-56oshbr,apps/web/src/content/reports/report-2025-mavic-znamennia-56oshbr.md,,,4,images/gallery/Фото звіт 2025/512726371_9879236868869204_9206637046520168159_n.jpg | images/gallery/Фото звіт 2025/512686958_9879236908869200_2373064969843804502_n.jpg | images/gallery/Фото звіт 2025/511192345_9879236905535867_685877273292845428_n.jpg | images/gallery/Фото звіт 2025/511148694_9879236858869205_965900458754901737_n.jpg,Дата из сайта; даты события и Facebook-публикации независимо не проверены. В записи нет ссылки на исходный Facebook-пост.
2025-02-09,Смаколики для поранених: візит у реабілітаційний центр,reports,partners,already_on_live_site,https://avku.org/reports/#report-report-2025-sviatoshyn-rehab-pizza-feb,apps/web/src/content/reports/report-2025-sviatoshyn-rehab-pizza-feb.md,,,7,images/gallery/Фото звіт 2025/482319025_1708007036768015_4104783745224137619_n.jpg | images/gallery/Фото звіт 2025/482324849_1708006296768089_1577253390703166843_n.jpg | images/gallery/Фото звіт 2025/483511204_1708006286768090_9093847819398880399_n.jpg | images/gallery/Фото звіт 2025/483962272_1708005453434840_19980967612811050_n.jpg | images/gallery/Фото звіт 2025/482809097_1708006533434732_5458603386930327049_n.jpg | images/gallery/Фото звіт 2025/484070881_1708007530101299_8431380563067571752_n.jpg | images/gallery/Фото звіт 2025/482077869_1708005856768133_3632931063421855914_n.jpg,Дата из сайта; даты события и Facebook-публикации независимо не проверены. В записи нет ссылки на исходный Facebook-пост.
2025-02-14,Медикаменти для реабілітації та допомога фронту,reports,partners,already_on_live_site,https://avku.org/reports/#report-report-2025-sviatoshyn-rehab-meds-feb14,apps/web/src/content/reports/report-2025-sviatoshyn-rehab-meds-feb14.md,,,5,images/gallery/Фото звіт 2025/484332183_1711937779708274_5269501590264202253_n.jpg | images/gallery/Фото звіт 2025/484286671_1711938599708192_5133101958526957908_n.jpg | images/gallery/Фото звіт 2025/484092603_1711939596374759_843569069542037613_n.jpg | images/gallery/Фото звіт 2025/484023419_1711937543041631_5993870054311779001_n.jpg | images/gallery/Фото звіт 2025/484985052_1711936796375039_3766685540142267649_n.jpg,Дата из сайта; даты события и Facebook-публикации независимо не проверены. В записи нет ссылки на исходный Facebook-пост.
2025-02-17,FPV дрони на фронт: підтримка від Богдана Колодія та Святошинського центру,reports,zsu,already_on_live_site,https://avku.org/reports/#report-report-2025-fpv-sviatoshyn-aglotkov,apps/web/src/content/reports/report-2025-fpv-sviatoshyn-aglotkov.md,,,1,images/gallery/Фото звіт 2025/485118572_1722166621701051_8274130033924500472_n.jpg,Дата из сайта; даты события и Facebook-публикации независимо не проверены. В записи нет ссылки на исходный Facebook-пост.
2025-02-21,Авто з Німеччини: підготовка «коліс» для фронту,reports,zsu,already_on_live_site,https://avku.org/reports/#report-report-2025-car-germany-preparation,apps/web/src/content/reports/report-2025-car-germany-preparation.md,,,4,images/gallery/Фото звіт 2025/480672392_1153621836413825_9116466952842440329_n.jpg | images/gallery/Фото звіт 2025/480563146_1153621883080487_1756285930858742880_n.jpg | images/gallery/Фото звіт 2025/480575853_1153621939747148_1914549227410233234_n.jpg | images/gallery/Фото звіт 2025/480518585_1153621979747144_6709474929018143879_n.jpg,Дата из сайта; даты события и Facebook-публикации независимо не проверены. В записи нет ссылки на исходный Facebook-пост.
2025-02-21,Сила єдності: чергова допомога вже у Захисників,reports,partners,already_on_live_site,https://avku.org/reports/#report-report-2025-partners-unity-delivery,apps/web/src/content/reports/report-2025-partners-unity-delivery.md,,,5,images/gallery/Фото звіт 2025/489449798_2080892945711852_432425032394829215_n.jpg | images/gallery/Фото звіт 2025/489780399_2080892845711862_2235901993415549866_n.jpg | images/gallery/Фото звіт 2025/489800080_2080892929045187_9089974667798883510_n.jpg | images/gallery/Фото звіт 2025/489769056_2080892952378518_901804054825855674_n.jpg | images/gallery/Фото звіт 2025/488710792_2080892935711853_8250146218765692527_n.jpg,Дата из сайта; даты события и Facebook-публикации независимо не проверены. В записи нет ссылки на исходный Facebook-пост.
2025-02-24,Автівка та дитячі обереги: успішна доставка на фронт,reports,zsu,already_on_live_site,https://avku.org/reports/#report-report-2025-car-delivery-happy-childhood,apps/web/src/content/reports/report-2025-car-delivery-happy-childhood.md,,,6,images/gallery/Фото звіт 2025/480727383_1155704682872207_5065497293715656250_n.jpg | images/gallery/Фото звіт 2025/480575486_1155704639538878_8986841099557970138_n.jpg | images/gallery/Фото звіт 2025/480819418_1155704586205550_3202133775651010493_n.jpg | images/gallery/Фото звіт 2025/480639219_1155704552872220_8006947518165839556_n.jpg | images/gallery/Фото звіт 2025/480627446_1155704522872223_6715224826327995959_n.jpg | images/gallery/Фото звіт 2025/481073841_1155704466205562_8198536738827738638_n.jpg,Дата из сайта; даты события и Facebook-публикации независимо не проверены. В записи нет ссылки на исходный Facebook-пост.
2025-02-25,Успішна місія: авто та допомога вже у військових,reports,zsu,already_on_live_site,https://avku.org/reports/#report-report-2025-car-delivery-success-feb25,apps/web/src/content/reports/report-2025-car-delivery-success-feb25.md,,,5,images/gallery/Фото звіт 2025/481244741_1156709169438425_699900977513901162_n.jpg | images/gallery/Фото звіт 2025/480837744_1156709102771765_8373964633172396404_n.jpg | images/gallery/Фото звіт 2025/481205048_1156709346105074_4101254297161786966_n.jpg | images/gallery/Фото звіт 2025/481097857_1156709286105080_4546323473765705292_n.jpg | images/gallery/Фото звіт 2025/481087662_1156709232771752_6864180965608810394_n.jpg,Дата из сайта; даты события и Facebook-публикации независимо не проверены. В записи нет ссылки на исходный Facebook-пост.
2025-02-27,Продукти та турбота: допомога реабілітаційному центру,reports,partners,already_on_live_site,https://avku.org/reports/#report-report-2025-sviatoshyn-rehab-food-feb27,apps/web/src/content/reports/report-2025-sviatoshyn-rehab-food-feb27.md,,,4,images/gallery/Фото звіт 2025/486789648_1721957958706256_8169137814885527206_n.jpg | images/gallery/Фото звіт 2025/486636851_1721959435372775_6089426845795411409_n.jpg | images/gallery/Фото звіт 2025/487121560_1721961382039247_4448418181463372517_n.jpg | images/gallery/Фото звіт 2025/487538282_1721957008706351_4045896157981505758_n.jpg,Дата из сайта; даты события и Facebook-публикации независимо не проверены. В записи нет ссылки на исходный Facebook-пост.
2025-03-01,Борітеся — поборете! Гуманітарна допомога нашим Героям,reports,zsu,already_on_live_site,https://avku.org/reports/#report-report-2025-heroes-support-march1,apps/web/src/content/reports/report-2025-heroes-support-march1.md,,,5,images/gallery/Фото звіт 2025/489122789_2080952115705935_7451752654011433679_n.jpg | images/gallery/Фото звіт 2025/489439322_2080952019039278_7992848436747636687_n.jpg | images/gallery/Фото звіт 2025/489776225_2080952072372606_8577348371702773215_n.jpg | images/gallery/Фото звіт 2025/489382193_2080951842372629_7999543078067297669_n.jpg | images/gallery/Фото звіт 2025/489588274_2080952105705936_5710197869134160919_n.jpg,Дата из сайта; даты события и Facebook-публикации независимо не проверены. В записи нет ссылки на исходный Facebook-пост.
2025-03-04,Підтримка 53-ї бригади: звіт від Ростислава Кирницького,reports,zsu,already_on_live_site,https://avku.org/reports/#report-report-2025-53ombr-kyrnytskyi,apps/web/src/content/reports/report-2025-53ombr-kyrnytskyi.md,,,2,images/gallery/Фото звіт 2025/489122789_2080952115705935_7451752654011433679_n.jpg | images/gallery/Фото звіт 2025/481816600_1562563317776329_7539414252252681652_n.jpg,Дата из сайта; даты события и Facebook-публикации независимо не проверены. В записи нет ссылки на исходный Facebook-пост.
2025-03-06,Безпечний вхід до храму: допомога громаді св. Миколая,reports,partners,already_on_live_site,https://avku.org/reports/#report-report-2025-st-nicholas-church-stairs,apps/web/src/content/reports/report-2025-st-nicholas-church-stairs.md,,,5,images/gallery/Фото звіт 2025/496466058_1530448801642647_4561192215262193789_n.jpg | images/gallery/Фото звіт 2025/496943326_1530448571642670_2430426974832941763_n.jpg | images/gallery/Фото звіт 2025/496152133_1530448861642641_8315888889520879971_n.jpg | images/gallery/Фото звіт 2025/496427337_1530448564976004_4027292756567096963_n.jpg | images/gallery/Фото звіт 2025/496599013_1530448781642649_3863187466962931285_n.jpg,Дата из сайта; даты события и Facebook-публикации независимо не проверены. В записи нет ссылки на исходный Facebook-пост.
2025-03-07,Допомога 54-й бригаді: місія «Шалених волонтерів»,reports,partners,already_on_live_site,https://avku.org/reports/#report-report-2025-54ombr-shaleni-volunteers,apps/web/src/content/reports/report-2025-54ombr-shaleni-volunteers.md,,,2,images/gallery/Фото звіт 2025/489152388_2080981829036297_1941767802387055161_n.jpg | images/gallery/Фото звіт 2025/489314944_2080981825702964_6067160133000583521_n.jpg,Дата из сайта; даты события и Facebook-публикации независимо не проверены. В записи нет ссылки на исходный Facebook-пост.
2025-03-08,3 роки незламності: оркестр Почесної Варти привітав волонтерів,reports,partners,already_on_live_site,https://avku.org/reports/#report-report-2025-sviatoshyn-3rd-anniversary-orchestra,apps/web/src/content/reports/report-2025-sviatoshyn-3rd-anniversary-orchestra.md,,,5,images/gallery/Фото звіт 2025/482069111_1706404323594953_1167587946690068971_n.jpg | images/gallery/Фото звіт 2025/481764441_1706404413594944_5232769558950805789_n.jpg | images/gallery/Фото звіт 2025/482324567_1706404406928278_6968233410728289132_n.jpg | images/gallery/Фото звіт 2025/481943423_1706404316928287_7801372842963869405_n.jpg | images/gallery/Фото звіт 2025/481912015_1706404310261621_745814214658937648_n.jpg,Дата из сайта; даты события и Facebook-публикации независимо не проверены. В записи нет ссылки на исходный Facebook-пост.
2025-03-11,"Зустріч з побратимами: або воюєш, або допомагаєш",reports,zsu,already_on_live_site,https://avku.org/reports/#report-report-2025-heroes-meeting-march11,apps/web/src/content/reports/report-2025-heroes-meeting-march11.md,,,4,images/gallery/Фото звіт 2025/489841080_2082385398895940_2734479275669274460_n.jpg | images/gallery/Фото звіт 2025/490361298_2082385595562587_1265173150942306844_n.jpg | images/gallery/Фото звіт 2025/489867454_2082385228895957_6290388613939902117_n.jpg | images/gallery/Фото звіт 2025/489727017_2082384178896062_2585170097176499211_n.jpg,Дата из сайта; даты события и Facebook-публикации независимо не проверены. В записи нет ссылки на исходный Facebook-пост.
2025-03-13,Незважаючи на перешкоди: допомога реабілітаційному центру триває,reports,partners,already_on_live_site,https://avku.org/reports/#report-report-2025-rehab-aid-incident-nadiya,apps/web/src/content/reports/report-2025-rehab-aid-incident-nadiya.md,,,4,images/gallery/Фото звіт 2025/476797058_625517830112664_6615885564513360287_n.jpg | images/gallery/Фото звіт 2025/480045049_625517843445996_2004333786768907523_n.jpg | images/gallery/Фото звіт 2025/478466034_625517863445994_4657338978343073260_n.jpg | images/gallery/Фото звіт 2025/480059534_625517870112660_6525615164076333809_n.jpg,Дата из сайта; даты события и Facebook-публикации независимо не проверены. В записи нет ссылки на исходный Facebook-пост.
2025-03-14,Автомобіль для Харкова: чергова допомога від партнерів,reports,zsu,already_on_live_site,https://avku.org/reports/#report-report-2025-car-kharkiv-baranov,apps/web/src/content/reports/report-2025-car-kharkiv-baranov.md,,,5,images/gallery/Фото звіт 2025/483872262_1168429258266416_916618596586883209_n.jpg | images/gallery/Фото звіт 2025/483800418_1168429471599728_5491672871644698186_n.jpg | images/gallery/Фото звіт 2025/484122222_1168429404933068_6813651217681646262_n.jpg | images/gallery/Фото звіт 2025/483938865_1168429348266407_8705413426845491684_n.jpg | images/gallery/Фото звіт 2025/484168836_1168429304933078_7233435519168097762_n.jpg,Дата из сайта; даты события и Facebook-публикации независимо не проверены. В записи нет ссылки на исходный Facebook-пост.
2025-03-14,Нічний звіт: підтримка від команди Ростислава Кирницького,reports,partners,already_on_live_site,https://avku.org/reports/#report-report-2025-night-report-kyrnytskyi,apps/web/src/content/reports/report-2025-night-report-kyrnytskyi.md,,,5,images/gallery/Фото звіт 2025/483874931_1570330143666313_5914695550202386204_n.jpg | images/gallery/Фото звіт 2025/484022802_1570330363666291_7714398789371205182_n.jpg | images/gallery/Фото звіт 2025/484390311_1570330330332961_8298447039854322410_n.jpg | images/gallery/Фото звіт 2025/484206246_1570330273666300_1185621241894602433_n.jpg | images/gallery/Фото звіт 2025/484712890_1570330230332971_1340859322534802452_n.jpg,Дата из сайта; даты события и Facebook-публикации независимо не проверены. В записи нет ссылки на исходный Facebook-пост.
2025-03-16,Звіт від 159-ї бригади: вдячність за підтримку,reports,zsu,already_on_live_site,https://avku.org/reports/#report-report-2025-159ombr-kyrnytskyi,apps/web/src/content/reports/report-2025-159ombr-kyrnytskyi.md,,,1,images/gallery/Фото звіт 2025/485178037_1571744903524837_3827553936035106357_n.jpg,Дата из сайта; даты события и Facebook-публикации независимо не проверены. В записи нет ссылки на исходный Facebook-пост.
2025-03-19,Матеріали для маскування: допомога від Юрія Левченка та Ua Help,reports,partners,already_on_live_site,https://avku.org/reports/#report-report-2025-uahelp-levchenko-spunbond,apps/web/src/content/reports/report-2025-uahelp-levchenko-spunbond.md,,,6,images/gallery/Фото звіт 2025/504277835_4181366075443719_5960020355239843087_n.jpg | images/gallery/Фото звіт 2025/505814472_4181366438777016_870236622787924893_n.jpg | images/gallery/Фото звіт 2025/505886799_4181366362110357_8772452215527721031_n.jpg | images/gallery/Фото звіт 2025/504247999_4181366342110359_2531235391331263212_n.jpg | images/gallery/Фото звіт 2025/505854993_4181366158777044_822797413628277505_n.jpg | images/gallery/Фото звіт 2025/504274903_4181366345443692_5243454858835612337_n.jpg,Дата из сайта; даты события и Facebook-публикации независимо не проверены. В записи нет ссылки на исходный Facebook-пост.
2025-03-20,"Підтримка 2-го батальйону 53-ї бригади: або воюєш, або допомагаєш",reports,zsu,already_on_live_site,https://avku.org/reports/#report-report-2025-53ombr-2mb-aid-march20,apps/web/src/content/reports/report-2025-53ombr-2mb-aid-march20.md,,,7,images/gallery/Фото звіт 2025/491948753_2090120121455801_6547430392805085097_n.jpg | images/gallery/Фото звіт 2025/492071719_2090120781455735_6422525620573730064_n.jpg | images/gallery/Фото звіт 2025/491687799_2090118514789295_1899717926175632063_n.jpg | images/gallery/Фото звіт 2025/491839691_2090120608122419_4118712014245330785_n.jpg | images/gallery/Фото звіт 2025/491857094_2090118464789300_2996089549446533893_n.jpg | images/gallery/Фото звіт 2025/491879494_2090118151455998_5737912051159752699_n.jpg | images/gallery/Фото звіт 2025/491967914_2090117968122683_6460884646686713723_n.jpg,Дата из сайта; даты события и Facebook-публикации независимо не проверены. В записи нет ссылки на исходный Facebook-пост.
2025-03-21,Сумський напрямок: підтримка «Шалених волонтерів» у зоні ризику,reports,partners,already_on_live_site,https://avku.org/reports/#report-report-2025-sumy-shaleni-volunteers,apps/web/src/content/reports/report-2025-sumy-shaleni-volunteers.md,,,7,images/gallery/Фото звіт 2025/511328134_9880381415421416_9093577758041895039_n.jpg | images/gallery/Фото звіт 2025/512647528_9880381522088072_6561783509468225760_n.jpg | images/gallery/Фото звіт 2025/513557359_9880381112088113_7867652550540714070_n.jpg | images/gallery/Фото звіт 2025/511907362_9880381455421412_170014954266145637_n.jpg | images/gallery/Фото звіт 2025/511498976_9880381072088117_2235038725211650058_n.jpg | images/gallery/Фото звіт 2025/512638404_9880381258754765_2271032818108482049_n.jpg | images/gallery/Фото звіт 2025/511559797_9880381298754761_6811073077320138670_n.jpg,Дата из сайта; даты события и Facebook-публикации независимо не проверены. В записи нет ссылки на исходный Facebook-пост.
2025-03-23,«Свій двіж». Частина перша: 145 490 грн для ЗСУ,reports,partners,already_on_live_site,https://avku.org/reports/#report-report-2025-svii-dvizh-part1,apps/web/src/content/reports/report-2025-svii-dvizh-part1.md,,,8,images/gallery/Фото звіт 2025/492003207_2092407897893690_8864889141097635791_n.jpg | images/gallery/Фото звіт 2025/491798077_2092408914560255_2094453263714765012_n.jpg | images/gallery/Фото звіт 2025/490649703_2092409954560151_6854366906031283736_n.jpg | images/gallery/Фото звіт 2025/492508605_2092409331226880_9067488002774905965_n.jpg | images/gallery/Фото звіт 2025/492006486_2092411341226679_867242339575639203_n.jpg | images/gallery/Фото звіт 2025/492139120_2092411964559950_5434215169329045849_n.jpg | images/gallery/Фото звіт 2025/492100613_2092411224560024_8724402823828333579_n.jpg | images/gallery/Фото звіт 2025/491969509_2092412867893193_7348790572691992587_n.jpg,Дата из сайта; даты события и Facebook-публикации независимо не проверены. В записи нет ссылки на исходный Facebook-пост.
2025-03-25,Маскувальні сітки та харчування для 138 РТБ,reports,partners,already_on_live_site,https://avku.org/reports/#report-report-2025-138rtb-nets-food,apps/web/src/content/reports/report-2025-138rtb-nets-food.md,,,1,images/gallery/Фото звіт 2025/492163391_2093733744427772_1476896190119247430_n.jpg,Дата из сайта; даты события и Facebook-публикации независимо не проверены. В записи нет ссылки на исходный Facebook-пост.
2025-03-27,«Біличанські Котики»: сітки та провізія для захисників,reports,partners,already_on_live_site,https://avku.org/reports/#report-report-2025-bilychanski-kotyky-nets-food,apps/web/src/content/reports/report-2025-bilychanski-kotyky-nets-food.md,,,4,images/gallery/Фото звіт 2025/492863815_2095463117588168_1031923480880022786_n.jpg | images/gallery/Фото звіт 2025/493292510_2095463024254844_824294386427066599_n.jpg | images/gallery/Фото звіт 2025/492226921_2095462600921553_6550663087664094190_n.jpg | images/gallery/Фото звіт 2025/492584983_2095463174254829_6226222558983090420_n.jpg,Дата из сайта; даты события и Facebook-публикации независимо не проверены. В записи нет ссылки на исходный Facebook-пост.
2025-03-28,«Муніципальна охорона» долучилася до проєкту «Sviy dvizh»,reports,partners,already_on_live_site,https://avku.org/reports/#report-report-2025-municipal-guard-svii-dvizh,apps/web/src/content/reports/report-2025-municipal-guard-svii-dvizh.md,,,1,images/gallery/Фото звіт 2025/486575725_644497091674871_7449626679835848882_n.jpg,Дата из сайта; даты события и Facebook-публикации независимо не проверены. В записи нет ссылки на исходный Facebook-пост.
2025-03-29,«Біличанські Котики»: 11 100 грн на основу для сіток,reports,partners,already_on_live_site,https://avku.org/reports/#report-report-2025-bilychanski-kotyky-nets-march29,apps/web/src/content/reports/report-2025-bilychanski-kotyky-nets-march29.md,,,5,images/gallery/Фото звіт 2025/487888385_1580564032642924_2203504261962605856_n.jpg | images/gallery/Фото звіт 2025/487395899_1580563999309594_1692424389325497192_n.jpg | images/gallery/Фото звіт 2025/487061457_1580563945976266_6950793481138856093_n.jpg | images/gallery/Фото звіт 2025/486797815_1580563895976271_2379054327605981881_n.jpg | images/gallery/Фото звіт 2025/487426021_1580563859309608_4963571609241427283_n.jpg,Дата из сайта; даты события и Facebook-публикации независимо не проверены. В записи нет ссылки на исходный Facebook-пост.
2025-03-29,Пліч-о-пліч з друзями: підтримка Грузинського Національного Легіону,reports,partners,already_on_live_site,https://avku.org/reports/#report-report-2025-georgian-legion-support,apps/web/src/content/reports/report-2025-georgian-legion-support.md,,,4,images/gallery/Фото звіт 2025/494031736_2097070717427408_6568337245543371948_n.jpg | images/gallery/Фото звіт 2025/494105851_2097071597427320_1605018143205176419_n.jpg | images/gallery/Фото звіт 2025/493123411_2097071800760633_3023742239685567300_n.jpg | images/gallery/Фото звіт 2025/493214864_2097069690760844_9078184245204216657_n.jpg,Дата из сайта; даты события и Facebook-публикации независимо не проверены. В записи нет ссылки на исходный Facebook-пост.
2025-04-01,Підтримка 128-го батальйону ТрО: харчування та необхідні речі,reports,zsu,already_on_live_site,https://avku.org/reports/#report-report-2025-128tro-food-apr1,apps/web/src/content/reports/report-2025-128tro-food-apr1.md,,,3,images/gallery/Фото звіт 2025/487828969_18040374575433061_5358251878685865013_n.jpg | images/gallery/Фото звіт 2025/487879325_18040374566433061_6800530799944936655_n.jpg | images/gallery/Фото звіт 2025/487865715_18040374563433061_8858818461128890979_n.jpg,Дата из сайта; даты события и Facebook-публикации независимо не проверены. В записи нет ссылки на исходный Facebook-пост.
2025-04-06,Щотижнева місія: злагоджена допомога пораненим,reports,partners,already_on_live_site,https://avku.org/reports/#report-report-2025-sviatoshyn-rehab-weekly-apr6,apps/web/src/content/reports/report-2025-sviatoshyn-rehab-weekly-apr6.md,,,14,images/gallery/Фото звіт 2025/488828462_1728809464687772_8438793895339297017_n.jpg | images/gallery/Фото звіт 2025/488833619_1728809834687735_4238231137405187025_n.jpg | images/gallery/Фото звіт 2025/488887956_1728809714687747_5357429492777215521_n.jpg | images/gallery/Фото звіт 2025/488886179_1728809651354420_8698278383367403908_n.jpg | images/gallery/Фото звіт 2025/489051400_1728809644687754_6156695885977516556_n.jpg | images/gallery/Фото звіт 2025/488906256_1728809474687771_5001695686796089824_n.jpg | images/gallery/Фото звіт 2025/488873238_1728809828021069_4399076521603088546_n.jpg | images/gallery/Фото звіт 2025/488887937_1728809631354422_7932319160009975096_n.jpg | images/gallery/Фото звіт 2025/489361088_1728809641354421_3638508054044015869_n.jpg | images/gallery/Фото звіт 2025/489216976_1728809621354423_3986078251444904023_n.jpg | images/gallery/Фото звіт 2025/488907547_1728809471354438_4519482496749814699_n.jpg | images/gallery/Фото звіт 2025/489341459_1728809484687770_392976051019749997_n.jpg | images/gallery/Фото звіт 2025/488945532_1728809468021105_2318126298419226444_n.jpg | images/gallery/Фото звіт 2025/488910791_1728809481354437_426628861602073738_n.jpg,Дата из сайта; даты события и Facebook-публикации независимо не проверены. В записи нет ссылки на исходный Facebook-пост.
2025-04-06,Толока єднання: підготовка Свято-Веденського храму до Великодня,reports,partners,already_on_live_site,https://avku.org/reports/#report-report-2025-toloka-sviato-vedenskyi,apps/web/src/content/reports/report-2025-toloka-sviato-vedenskyi.md,,,9,images/gallery/Фото звіт 2025/473421192_460932803735217_6226538714243475881_n.jpg | images/gallery/Фото звіт 2025/473679054_460932717068559_4884074740739715485_n.jpg | images/gallery/Фото звіт 2025/473224128_460932847068546_8478581448965154025_n.jpg | images/gallery/Фото звіт 2025/473424220_460932793735218_723883933236089643_n.jpg | images/gallery/Фото звіт 2025/473546998_460932533735244_925611045231512723_n.jpg | images/gallery/Фото звіт 2025/473278317_460932613735236_6796592408754455436_n.jpg | images/gallery/Фото звіт 2025/473522857_460932813735216_990289534625077033_n.jpg | images/gallery/Фото звіт 2025/473331605_460932820401882_3901316222837783214_n.jpg | images/gallery/Фото звіт 2025/473254293_460932867068544_6818934483671757708_n.jpg,Дата из сайта; даты события и Facebook-публикации независимо не проверены. В записи нет ссылки на исходный Facebook-пост.
2025-04-14,Допомога на Сумський напрямок: співпраця з «Наш Промінь Світла»,reports,partners,already_on_live_site,https://avku.org/reports/#report-report-2025-sumy-promin-svitla,apps/web/src/content/reports/report-2025-sumy-promin-svitla.md,,,3,images/gallery/Фото звіт 2025/491636385_2086760845125062_2289154171377523521_n.jpg | images/gallery/Фото звіт 2025/491409351_2086760868458393_5695856973642708660_n.jpg | images/gallery/Фото звіт 2025/490831971_2086760851791728_2666357189393214041_n.jpg,Дата из сайта; даты события и Facebook-публикации независимо не проверены. В записи нет ссылки на исходный Facebook-пост.
2025-04-16,Невпинна допомога: звіт Святошинського центру,reports,partners,already_on_live_site,https://avku.org/reports/#report-report-2025-sviatoshyn-aglotkov-apr16,apps/web/src/content/reports/report-2025-sviatoshyn-aglotkov-apr16.md,,,22,images/gallery/Фото звіт 2025/491835226_2088441168290363_7242282702957154978_n.jpg | images/gallery/Фото звіт 2025/491406238_2088441391623674_7079475530501833707_n.jpg | images/gallery/Фото звіт 2025/491411897_2088441398290340_8671871071905936724_n.jpg | images/gallery/Фото звіт 2025/491404982_2088441228290357_5857511803864643513_n.jpg | images/gallery/Фото звіт 2025/492032388_2088441448290335_8527376965644910345_n.jpg | images/gallery/Фото звіт 2025/491355087_2088441461623667_3104690571637252574_n.jpg | images/gallery/Фото звіт 2025/491925286_2088441288290351_5289300423125272701_n.jpg | images/gallery/Фото звіт 2025/491409092_2088441251623688_6897072688007964721_n.jpg | images/gallery/Фото звіт 2025/491406757_2088441188290361_144433469644291632_n.jpg | images/gallery/Фото звіт 2025/492040125_2088441244957022_2206543734345817557_n.jpg | images/gallery/Фото звіт 2025/491952947_2088441441623669_2452279664958973695_n.jpg | images/gallery/Фото звіт 2025/491916722_2088441361623677_8442947565376521302_n.jpg | images/gallery/Фото звіт 2025/491144158_2088441301623683_2530313411263414371_n.jpg | images/gallery/Фото звіт 2025/491835221_2088441474956999_6760739246570314565_n.jpg | images/gallery/Фото звіт 2025/492060636_2088441111623702_4238858877751128995_n.jpg | images/gallery/Фото звіт 2025/491835592_2088441201623693_6474400036053550558_n.jpg | images/gallery/Фото звіт 2025/491409399_2088441524956994_2531820477921923094_n.jpg | images/gallery/Фото звіт 2025/492019397_2088441321623681_4435969199128909450_n.jpg | images/gallery/Фото звіт 2025/491694112_2088441218290358_1509537283423587217_n.jpg | images/gallery/Фото звіт 2025/492007891_2088441491623664_2747949377275804884_n.jpg | images/gallery/Фото звіт 2025/491776101_2088441041623709_8022862974855943266_n.jpg | images/gallery/Фото звіт 2025/491919912_2088441161623697_2402323332345138442_n.jpg,Дата из сайта; даты события и Facebook-публикации независимо не проверены. В записи нет ссылки на исходный Facebook-пост.
2025-04-17,Духовна підтримка та FPV-дрони: 7 «пташок» для поліції,reports,zsu,already_on_live_site,https://avku.org/reports/#report-report-2025-fpv-gunp-petlenko,apps/web/src/content/reports/report-2025-fpv-gunp-petlenko.md,,,7,images/gallery/Фото звіт 2025/495246588_2104825933318553_6202831632951976240_n.jpg | images/gallery/Фото звіт 2025/495328625_2104825713318575_6667917307153284178_n.jpg | images/gallery/Фото звіт 2025/495373421_2104828993318247_887671029871000361_n.jpg | images/gallery/Фото звіт 2025/495557690_2104825356651944_4022730482204009330_n.jpg | images/gallery/Фото звіт 2025/495374452_2104825726651907_2097653211411547662_n.jpg | images/gallery/Фото звіт 2025/495384403_2104825899985223_1145025294179250509_n.jpg | images/gallery/Фото звіт 2025/495358739_2104825696651910_2858401474935524868_n.jpg,Дата из сайта; даты события и Facebook-публикации независимо не проверены. В записи нет ссылки на исходный Facebook-пост.
2025-04-17,Тепла зустріч у реабілітаційному центрі: піца та підтримка,reports,partners,already_on_live_site,https://avku.org/reports/#report-report-2025-rehab-pizza-svyatoshyn,apps/web/src/content/reports/report-2025-rehab-pizza-svyatoshyn.md,,,4,images/gallery/Фото звіт 2025/492139926_651673107497136_1839561961629473153_n.jpg | images/gallery/Фото звіт 2025/491592177_651673080830472_5289212865615401226_n.jpg | images/gallery/Фото звіт 2025/491440398_651673114163802_9100120832096954614_n.jpg | images/gallery/Фото звіт 2025/492032259_651673087497138_5183605366772012612_n.jpg,Дата из сайта; даты события и Facebook-публикации независимо не проверены. В записи нет ссылки на исходный Facebook-пост.
2025-04-24,Єднання поколінь: 138 530 грн на дрони для ЗСУ,reports,partners,already_on_live_site,https://avku.org/reports/#report-report-2025-eko198-fair-drones,apps/web/src/content/reports/report-2025-eko198-fair-drones.md,,,13,images/gallery/Фото звіт 2025/492408867_2094938704307276_5497610712966310020_n.jpg | images/gallery/Фото звіт 2025/492548182_2094938894307257_2557648815710278531_n.jpg | images/gallery/Фото звіт 2025/492536208_2094938637640616_886973017814644382_n.jpg | images/gallery/Фото звіт 2025/492234393_2094938914307255_1176623787892526149_n.jpg | images/gallery/Фото звіт 2025/492121626_2094938874307259_2324298549575859522_n.jpg | images/gallery/Фото звіт 2025/492007062_2094938550973958_2260364363091314764_n.jpg | images/gallery/Фото звіт 2025/491967465_2094938780973935_772607941452849703_n.jpg | images/gallery/Фото звіт 2025/492303100_2094938694307277_8994741573400536629_n.jpg | images/gallery/Фото звіт 2025/492362517_2094938654307281_4740196312125758_n.jpg | images/gallery/Фото звіт 2025/492470958_2094938627640617_2869557305650409242_n.jpg | images/gallery/Фото звіт 2025/492671777_2094938587640621_4064058570336914885_n.jpg | images/gallery/Фото звіт 2025/493606752_2094938660973947_6567006410863338537_n.jpg | images/gallery/Фото звіт 2025/492501676_2094938857640594_1303896721720096787_n.jpg,Дата из сайта; даты события и Facebook-публикации независимо не проверены. В записи нет ссылки на исходный Facebook-пост.
2025-04-25,Сила тилу: невтомна праця «Біличанських Котиків»,reports,partners,already_on_live_site,https://avku.org/reports/#report-report-2025-bilychanski-kotyky-nina-korotkova,apps/web/src/content/reports/report-2025-bilychanski-kotyky-nina-korotkova.md,,,6,images/gallery/Фото звіт 2025/492132599_1600350520664275_9090149790138125540_n.jpg | images/gallery/Фото звіт 2025/493078154_1600350437330950_6082620638381628565_n.jpg | images/gallery/Фото звіт 2025/491370819_1600350717330922_2193460835144027149_n.jpg | images/gallery/Фото звіт 2025/493189963_1600350673997593_6629611383908226521_n.jpg | images/gallery/Фото звіт 2025/493045662_1600350643997596_1877168892268228513_n.jpg | images/gallery/Фото звіт 2025/493077550_1600350603997600_1690677906323123215_n.jpg,Дата из сайта; даты события и Facebook-публикации независимо не проверены. В записи нет ссылки на исходный Facebook-пост.
2025-04-28,Збір закрито: нові шини та провізія вже у захисників,reports,zsu,already_on_live_site,https://avku.org/reports/#report-report-2025-wheels-and-supplies-closed,apps/web/src/content/reports/report-2025-wheels-and-supplies-closed.md,,,10,images/gallery/Фото звіт 2025/493524186_1202353004874041_2268693251668628831_n.jpg | images/gallery/Фото звіт 2025/494030391_1202352954874046_2218204512499848839_n.jpg | images/gallery/Фото звіт 2025/493476494_1202352904874051_723882683649158360_n.jpg | images/gallery/Фото звіт 2025/493685480_1202365094872832_7781929308783606387_n.jpg | images/gallery/Фото звіт 2025/494077124_1202353984873943_2095238889312722195_n.jpg | images/gallery/Фото звіт 2025/494076569_1202353948207280_1873271033058688208_n.jpg | images/gallery/Фото звіт 2025/493978546_1202353908207284_2486563651374114153_n.jpg | images/gallery/Фото звіт 2025/494217426_1202353804873961_2080580897715390476_n.jpg | images/gallery/Фото звіт 2025/494116611_1202353768207298_9194564761077956634_n.jpg | images/gallery/Фото звіт 2025/493408880_1202353718207303_4936110242904863655_n.jpg,Дата из сайта; даты события и Facebook-публикации независимо не проверены. В записи нет ссылки на исходный Facebook-пост.
2025-05-05,Смак дому: домашня випічка для бійців на реабілітації,reports,partners,already_on_live_site,https://avku.org/reports/#report-report-2025-rehab-bakery-nadiya,apps/web/src/content/reports/report-2025-rehab-bakery-nadiya.md,,,5,images/gallery/Фото звіт 2025/495369657_665112856153161_5519469397598459680_n.jpg | images/gallery/Фото звіт 2025/495682582_665112822819831_3865877949952226491_n.jpg | images/gallery/Фото звіт 2025/495208827_665112889486491_921809240178106897_n.jpg | images/gallery/Фото звіт 2025/495368985_665112846153162_8048722339269887667_n.jpg | images/gallery/Фото звіт 2025/495017206_665112816153165_2599287027430289586_n.jpg,Дата из сайта; даты события и Facebook-публикации независимо не проверены. В записи нет ссылки на исходный Facebook-пост.
2025-05-11,Турбота та відновлення: ініціативи Андрія Ускова та Анатолія Івка,reports,partners,already_on_live_site,https://avku.org/reports/#report-report-2025-uskov-ivko-wheelchairs,apps/web/src/content/reports/report-2025-uskov-ivko-wheelchairs.md,,,1,images/gallery/Фото звіт 2025/495698896_1211579413951400_7887610261558944350_n.jpg,Дата из сайта; даты события и Facebook-публикации независимо не проверены. В записи нет ссылки на исходный Facebook-пост.
2025-05-13,13 FPV-дронів для захисників: результат благодійного ярмарку,reports,zsu,already_on_live_site,https://avku.org/reports/#report-report-2025-eko198-drones-transfer,apps/web/src/content/reports/report-2025-eko198-drones-transfer.md,,,5,images/gallery/Фото звіт 2025/496045010_2109476852853461_9219499036420430316_n.jpg | images/gallery/Фото звіт 2025/496530270_2109476842853462_5526724013434005744_n.jpg | images/gallery/Фото звіт 2025/496947564_2109476892853457_7154535210441939436_n.jpg | images/gallery/Фото звіт 2025/496148023_2109476882853458_4384569193114263971_n.jpg | images/gallery/Фото звіт 2025/496097033_2109476912853455_4689862113242763895_n.jpg,Дата из сайта; даты события и Facebook-публикации независимо не проверены. В записи нет ссылки на исходный Facebook-пост.
2025-05-27,Захист та підтримка для передової,reports,zsu,already_on_live_site,https://avku.org/reports/#report-report-2025-frontline-gear-may27,apps/web/src/content/reports/report-2025-frontline-gear-may27.md,,,1,images/gallery/Фото звіт 2025/499517416_2120797871721359_2106409453408888161_n.jpg,Дата из сайта; даты события и Facebook-публикации независимо не проверены. В записи нет ссылки на исходный Facebook-пост.
2025-05-29,"Надихаюча зустріч: вдячність, що додає сил",reports,zsu,already_on_live_site,https://avku.org/reports/#report-report-2025-meeting-military-gratitude,apps/web/src/content/reports/report-2025-meeting-military-gratitude.md,,,2,images/gallery/Фото звіт 2025/501026390_2122073471593799_5258134802525300044_n.jpg | images/gallery/Фото звіт 2025/501603852_2122073478260465_6644998096039337817_n.jpg,Дата из сайта; даты события и Facebook-публикации независимо не проверены. В записи нет ссылки на исходный Facebook-пост.
2025-05-31,Духовний фронт та освіта: меморандум про співпрацю з КПБА,reports,partners,already_on_live_site,https://avku.org/reports/#report-report-2025-memo-kpba,apps/web/src/content/reports/report-2025-memo-kpba.md,,,7,images/gallery/Фото звіт 2025/502522153_2123727151428431_8714303352956297659_n.jpg | images/gallery/Фото звіт 2025/503171003_2123727068095106_2733641515142152337_n.jpg | images/gallery/Фото звіт 2025/502750449_2123727061428440_1694531790396794432_n.jpg | images/gallery/Фото звіт 2025/502749913_2123727131428433_354265995432567830_n.jpg | images/gallery/Фото звіт 2025/502484851_2123727094761770_687157746490739135_n.jpg | images/gallery/Фото звіт 2025/502518213_2123727114761768_143285543290714332_n.jpg | images/gallery/Фото звіт 2025/502462649_2123727101428436_8421015984006541955_n.jpg,Дата из сайта; даты события и Facebook-публикации независимо не проверены. В записи нет ссылки на исходный Facebook-пост.
2025-06-01,Три роки «Борщагівської Кікімори»: 1200 костюмів для захисту життя,reports,partners,already_on_live_site,https://avku.org/reports/#report-report-2025-borshchahivka-kikimora-3years,apps/web/src/content/reports/report-2025-borshchahivka-kikimora-3years.md,,,9,images/gallery/Фото звіт 2025/514340811_9914234325369162_8079580191655707085_n.jpg | images/gallery/Фото звіт 2025/514284728_9914238205368774_4783805115550467220_n.jpg | images/gallery/Фото звіт 2025/514063846_9914237335368861_8055496298179412341_n.jpg | images/gallery/Фото звіт 2025/515253134_9914209775371617_4867928723384216957_n.jpg | images/gallery/Фото звіт 2025/513974006_9914219985370596_5016532348949397828_n.jpg | images/gallery/Фото звіт 2025/513622286_9914202722038989_2752152341071389871_n.jpg | images/gallery/Фото звіт 2025/514260965_9914234755369119_3617626211513595974_n.jpg | images/gallery/Фото звіт 2025/514447878_9914237908702137_7734088752972028332_n.jpg | images/gallery/Фото звіт 2025/514258957_9914209135371681_3479260448537756032_n.jpg,Дата из сайта; даты события и Facebook-публикации независимо не проверены. В записи нет ссылки на исходный Facebook-пост.
2025-06-05,Звіт від козаків: «Біличанські Котики» продовжують роботу,reports,partners,already_on_live_site,https://avku.org/reports/#report-report-2025-kyrnytskyi-bilychanski-kotyky-june5,apps/web/src/content/reports/report-2025-kyrnytskyi-bilychanski-kotyky-june5.md,,,5,images/gallery/Фото звіт 2025/503658041_1627894691243191_1685663947347216831_n.jpg | images/gallery/Фото звіт 2025/499565690_1627894844576509_8397255269137507449_n.jpg | images/gallery/Фото звіт 2025/496633660_1627894797909847_1389019519573997657_n.jpg | images/gallery/Фото звіт 2025/502900607_1627894767909850_8148977498633486031_n.jpg | images/gallery/Фото звіт 2025/502975149_1627894731243187_8669402676974469288_n.jpg,Дата из сайта; даты события и Facebook-публикации независимо не проверены. В записи нет ссылки на исходный Facebook-пост.
2025-06-05,Смаколики для одужання: підтримка центру реабілітації,reports,partners,already_on_live_site,https://avku.org/reports/#report-report-2025-rehab-center-treats-june5,apps/web/src/content/reports/report-2025-rehab-center-treats-june5.md,,,3,images/gallery/Фото звіт 2025/504294213_678378118422914_897450568829644895_n.jpg | images/gallery/Фото звіт 2025/504612189_678378105089582_6060587397018155520_n.jpg | images/gallery/Фото звіт 2025/504118609_678378141756245_298855564086849295_n.jpg,Дата из сайта; даты события и Facebook-публикации независимо не проверены. В записи нет ссылки на исходный Facebook-пост.
2025-06-07,Підтримка «Легіону Оболонь»: захист та комфорт на позиціях,reports,zsu,already_on_live_site,https://avku.org/reports/#report-report-2025-legion-obolon-support,apps/web/src/content/reports/report-2025-legion-obolon-support.md,,,4,images/gallery/Фото звіт 2025/505005056_2129905824143897_1090601087949442165_n.jpg | images/gallery/Фото звіт 2025/505067411_2129905854143894_6858179680292773247_n.jpg | images/gallery/Фото звіт 2025/505106265_2129905874143892_3513824011258806502_n.jpg | images/gallery/Фото звіт 2025/504964134_2129905834143896_7648323871440256115_n.jpg,Дата из сайта; даты события и Facebook-публикации независимо не проверены. В записи нет ссылки на исходный Facebook-пост.
2025-06-24,Смак турботи: запашні штруделі та піца для наших титанів,reports,partners,already_on_live_site,https://avku.org/reports/#report-report-2025-svyatoshyn-dvir-rehab-treats,apps/web/src/content/reports/report-2025-svyatoshyn-dvir-rehab-treats.md,,,5,images/gallery/Фото звіт 2025/511910579_700392529291860_181176803005984893_n.jpg | images/gallery/Фото звіт 2025/512700101_700392509291862_3545274447983506708_n.jpg | images/gallery/Фото звіт 2025/511769017_700392535958526_8068111960664358645_n.jpg | images/gallery/Фото звіт 2025/512705584_700392575958522_6551075104663737821_n.jpg | images/gallery/Фото звіт 2025/512680969_700392552625191_6003787751361348540_n.jpg,Дата из сайта; даты события и Facebook-публикации независимо не проверены. В записи нет ссылки на исходный Facebook-пост.
2025-07-02,Визнання та досвід: Подяка волонтерському гурту «Борщагівські Кікімори»,reports,partners,already_on_live_site,https://avku.org/reports/#report-report-2025-borshchahivka-kikimory-recognition,apps/web/src/content/reports/report-2025-borshchahivka-kikimory-recognition.md,,,10,images/gallery/Фото звіт 2025/514711691_9930835873709007_8892774459014800691_n.jpg | images/gallery/Фото звіт 2025/514595096_9930835147042413_3211668734837599398_n.jpg | images/gallery/Фото звіт 2025/514475435_9930834627042465_1148497369302588040_n.jpg | images/gallery/Фото звіт 2025/515505790_9930834417042486_1482783721537538788_n.jpg | images/gallery/Фото звіт 2025/515412354_9930834203709174_3214257439426240022_n.jpg | images/gallery/Фото звіт 2025/514796301_9930833993709195_7574837584419581076_n.jpg | images/gallery/Фото звіт 2025/515085243_9930833763709218_3275944607903294234_n.jpg | images/gallery/Фото звіт 2025/514534103_9930833547042573_150868784264156451_n.jpg | images/gallery/Фото звіт 2025/515506927_9930832650375996_5764413136073208861_n.jpg | images/gallery/Фото звіт 2025/515088086_9930832397042688_6398910370708660242_n.jpg,Дата из сайта; даты события и Facebook-публикации независимо не проверены. В записи нет ссылки на исходный Facebook-пост.
2025-07-05,Вдячність від героїв: відгук бригади НГУ «Рубіж»,reports,zsu,already_on_live_site,https://avku.org/reports/#report-report-2025-ngu-rubizh-gratitude,apps/web/src/content/reports/report-2025-ngu-rubizh-gratitude.md,,,4,images/gallery/Фото звіт 2025/515723723_1649240319108628_1075756496072632076_n.jpg | images/gallery/Фото звіт 2025/516452284_1649240282441965_5882502138880865862_n.jpg | images/gallery/Фото звіт 2025/515539283_1649240422441951_7965438387917884347_n.jpg | images/gallery/Фото звіт 2025/516680200_1649240379108622_8664814489426278587_n.jpg,Дата из сайта; даты события и Facebook-публикации независимо не проверены. В записи нет ссылки на исходный Facebook-пост.
2025-07-10,Допомога для найгарячіших позицій: тримаємо стрій разом,reports,zsu,already_on_live_site,https://avku.org/reports/#report-report-2025-frontline-hot-spots-july10,apps/web/src/content/reports/report-2025-frontline-hot-spots-july10.md,,,2,images/gallery/Фото звіт 2025/518292412_2156979568103189_3534485034240182282_n.jpg | images/gallery/Фото звіт 2025/517594622_2156979564769856_9093745485689432438_n.jpg,Дата из сайта; даты события и Facebook-публикации независимо не проверены. В записи нет ссылки на исходный Facebook-пост.
2025-07-18,Підтримка 68-го окремого батальйону: передаємо необхідне,reports,zsu,already_on_live_site,https://avku.org/reports/#report-report-2025-68-battalion-support-july18,apps/web/src/content/reports/report-2025-68-battalion-support-july18.md,,,1,images/gallery/Фото звіт 2025/519381540_2163395024128310_2205697359419839935_n.jpg,Дата из сайта; даты события и Facebook-публикации независимо не проверены. В записи нет ссылки на исходный Facebook-пост.
2025-07-22,Смаколики для захисників: духмяна шарлотка та піца у центрі реабілітації,reports,partners,already_on_live_site,https://avku.org/reports/#report-report-2025-rehab-pizza-sharlotka-svyatoshyn,apps/web/src/content/reports/report-2025-rehab-pizza-sharlotka-svyatoshyn.md,,,5,images/gallery/Фото звіт 2025/522705198_721468283850951_1802105847345953404_n.jpg | images/gallery/Фото звіт 2025/523117560_721468240517622_5689397074248331036_n.jpg | images/gallery/Фото звіт 2025/521266719_721468323850947_3264867788143409610_n.jpg | images/gallery/Фото звіт 2025/520920388_721468250517621_3949505346813857783_n.jpg | images/gallery/Фото звіт 2025/522086179_721468293850950_2825263707512330012_n.jpg,Дата из сайта; даты события и Facebook-публикации независимо не проверены. В записи нет ссылки на исходный Facebook-пост.
2025-07-23,"Своєчасна допомога: працюємо, попри втому",reports,partners,already_on_live_site,https://avku.org/reports/#report-report-2025-timely-help-kolodiy-july23,apps/web/src/content/reports/report-2025-timely-help-kolodiy-july23.md,,,1,images/gallery/Фото звіт 2025/518426667_30946745971577279_2836383647313245742_n.jpg,Дата из сайта; даты события и Facebook-публикации независимо не проверены. В записи нет ссылки на исходный Facebook-пост.
2025-07-23,Невпинна підтримка: гуманітарна допомога для воїнів,reports,zsu,already_on_live_site,https://avku.org/reports/#report-report-2025-zsu-humanitarian-july23,apps/web/src/content/reports/report-2025-zsu-humanitarian-july23.md,,,1,images/gallery/Фото звіт 2025/504379855_2167567703711042_9144483671710302833_n.jpg,Дата из сайта; даты события и Facebook-публикации независимо не проверены. В записи нет ссылки на исходный Facebook-пост.
2025-07-26,Вдячність від захисників: енергія для нових звершень,reports,zsu,already_on_live_site,https://avku.org/reports/#report-report-2025-military-gratitude-july26,apps/web/src/content/reports/report-2025-military-gratitude-july26.md,,,1,images/gallery/Фото звіт 2025/524498417_2170214776779668_3358932234046337504_n.jpg,Дата из сайта; даты события и Facebook-публикации независимо не проверены. В записи нет ссылки на исходный Facebook-пост.
2025-07-27,Сила у єдності: чергова підтримка захисників від партнерів,reports,partners,already_on_live_site,https://avku.org/reports/#report-report-2025-partners-support-july27,apps/web/src/content/reports/report-2025-partners-support-july27.md,,,2,images/gallery/Фото звіт 2025/515492355_1664909204208406_2735191922520238695_n.jpg | images/gallery/Фото звіт 2025/524698480_1664909160875077_6998144335393887638_n.jpg,Дата из сайта; даты события и Facebook-публикации независимо не проверены. В записи нет ссылки на исходный Facebook-пост.
2025-07-31,Смак столиці для захисників: київська перепічка та тістечка «Картопля»,reports,partners,already_on_live_site,https://avku.org/reports/#report-report-2025-kyiv-treats-rehab,apps/web/src/content/reports/report-2025-kyiv-treats-rehab.md,,,4,images/gallery/Фото звіт 2025/506705745_728412043156575_3451428664485334455_n.jpg | images/gallery/Фото звіт 2025/526558814_728426479821798_1793034395965558704_n.jpg | images/gallery/Фото звіт 2025/526437479_728413013156478_8536972622676115791_n.jpg | images/gallery/Фото звіт 2025/526300780_728413006489812_4241253060919198737_n.jpg,Дата из сайта; даты события и Facebook-публикации независимо не проверены. В записи нет ссылки на исходный Facebook-пост.
2025-08-11,Своєчасна підтримка: чергова відправка для наших козаків,reports,zsu,already_on_live_site,https://avku.org/reports/#report-report-2025-cossacks-delivery-aug11,apps/web/src/content/reports/report-2025-cossacks-delivery-aug11.md,,,1,images/gallery/Фото звіт 2025/530367631_1676489139717079_3267730913057279896_n.jpg,Дата из сайта; даты события и Facebook-публикации независимо не проверены. В записи нет ссылки на исходный Facebook-пост.
2025-08-15,Захист та гігієна для фронту: допомога від Біличанських Котиків,reports,zsu,already_on_live_site,https://avku.org/reports/#report-report-2025-bilychanski-kotyky-frontline-aug15,apps/web/src/content/reports/report-2025-bilychanski-kotyky-frontline-aug15.md,,,1,images/gallery/Фото звіт 2025/532149332_2187157008418778_4807716638301753350_n.jpg,Дата из сайта; даты события и Facebook-публикации независимо не проверены. В записи нет ссылки на исходный Facebook-пост.
2025-08-22,Будні незламних: «Біличанські Котики» продовжують роботу,reports,partners,already_on_live_site,https://avku.org/reports/#report-report-2025-bilychanski-kotyky-daily-aug22,apps/web/src/content/reports/report-2025-bilychanski-kotyky-daily-aug22.md,,,4,images/gallery/Фото звіт 2025/536173184_1684360242263302_4929236078400566860_n.jpg | images/gallery/Фото звіт 2025/537697034_1684360395596620_5137320629166413492_n.jpg | images/gallery/Фото звіт 2025/537495979_1684360355596624_2606000742891809480_n.jpg | images/gallery/Фото звіт 2025/535838560_1684360312263295_7725784695011489856_n.jpg,Дата из сайта; даты события и Facebook-публикации независимо не проверены. В записи нет ссылки на исходный Facebook-пост.
2025-08-29,День пам'яті захисників України: соняшник як символ незламності,reports,other,already_on_live_site,https://avku.org/reports/#report-report-2025-remembrance-day-pavlohrad,apps/web/src/content/reports/report-2025-remembrance-day-pavlohrad.md,,,2,images/gallery/Фото звіт 2025/539887359_1844803582770687_8559096842674488877_n.jpg | images/gallery/Фото звіт 2025/540641174_1844803579437354_7681557359046244682_n.jpg,Дата из сайта; даты события и Facebook-публикации независимо не проверены. В записи нет ссылки на исходный Facebook-пост.
2025-08-29,Підтримка 210-го ОШП: спорядження та ліки для штурмовиків,reports,zsu,already_on_live_site,https://avku.org/reports/#report-report-2025-zsu-210-oshp-support,apps/web/src/content/reports/report-2025-zsu-210-oshp-support.md,,,3,images/gallery/Фото звіт 2025/540613148_2199347890533023_1794050091539653822_n.jpg | images/gallery/Фото звіт 2025/539528240_2199347923866353_4999855345076207789_n.jpg | images/gallery/Фото звіт 2025/539911347_2199347883866357_2260640973750987519_n.jpg,Дата из сайта; даты события и Facebook-публикации независимо не проверены. В записи нет ссылки на исходный Facebook-пост.
2025-09-02,Привіт із Покровського напрямку: звіт від наших козаків,reports,zsu,already_on_live_site,https://avku.org/reports/#report-report-2025-pokrovsk-direction-gratitude,apps/web/src/content/reports/report-2025-pokrovsk-direction-gratitude.md,,,1,images/gallery/Фото звіт 2025/541765081_1693037328062260_7800931269402813211_n.jpg,Дата из сайта; даты события и Facebook-публикации независимо не проверены. В записи нет ссылки на исходный Facebook-пост.
2025-09-04,Підтримка розвідки: маскувальні засоби для непомітності та безпеки,reports,zsu,already_on_live_site,https://avku.org/reports/#report-report-2025-intelligence-unit-support-sept04,apps/web/src/content/reports/report-2025-intelligence-unit-support-sept04.md,,,1,images/gallery/Фото звіт 2025/541142074_2204406773360468_1887287030758631853_n.jpg,Дата из сайта; даты события и Facebook-публикации независимо не проверены. В записи нет ссылки на исходный Facebook-пост.
2025-09-11,Незламність та майстерність: подяка Анатолію Івку та команді,reports,partners,already_on_live_site,https://avku.org/reports/#report-report-2025-ivko-workshop-support-sept11,apps/web/src/content/reports/report-2025-ivko-workshop-support-sept11.md,,,1,images/gallery/Фото звіт 2025/546453190_1448147863289080_8690082731754821207_n.jpg,Дата из сайта; даты события и Facebook-публикации независимо не проверены. В записи нет ссылки на исходный Facebook-пост.
2025-09-13,Підтримка 116 ОМБр на Куп’янському напрямку,reports,zsu,already_on_live_site,https://avku.org/reports/#report-report-2025-zsu-116-ombr-support,apps/web/src/content/reports/report-2025-zsu-116-ombr-support.md,,,2,images/gallery/Фото звіт 2025/548031111_2212001585934320_4665702028505303180_n.jpg | images/gallery/Фото звіт 2025/546628566_2212001589267653_5777767704139827922_n.jpg,Дата из сайта; даты события и Facebook-публикации независимо не проверены. В записи нет ссылки на исходный Facebook-пост.
2025-09-16,Висока честь: Подяка від Головного управління розвідки,reports,zsu,already_on_live_site,https://avku.org/reports/#report-report-2025-gur-recognition-kikimory,apps/web/src/content/reports/report-2025-gur-recognition-kikimory.md,,,2,images/gallery/Фото звіт 2025/546911005_24301200876245934_5124941619884534494_n.jpg | images/gallery/Фото звіт 2025/549225474_24301200662912622_1916163327104782607_n.jpg,Дата из сайта; даты события и Facebook-публикации независимо не проверены. В записи нет ссылки на исходный Facebook-пост.
2025-09-16,Захист для зенітників: допомога 54-й ОМБ від волонтерських команд,reports,zsu,already_on_live_site,https://avku.org/reports/#report-report-2025-zsu-54-ombr-support-sept16,apps/web/src/content/reports/report-2025-zsu-54-ombr-support-sept16.md,,,2,images/gallery/Фото звіт 2025/548220439_2215048702296275_8699047754238807171_n.jpg | images/gallery/Фото звіт 2025/547846401_2215048728962939_1747186632862504500_n.jpg,Дата из сайта; даты события и Facebook-публикации независимо не проверены. В записи нет ссылки на исходный Facebook-пост.
2025-09-16,Звіт із передової: допомога вже працює на безпеку героїв,reports,zsu,already_on_live_site,https://avku.org/reports/#report-report-2025-zsu-frontline-report-sept16,apps/web/src/content/reports/report-2025-zsu-frontline-report-sept16.md,,,2,images/gallery/Фото звіт 2025/548698175_18075756704088502_477792006080696035_n.jpg | images/gallery/Фото звіт 2025/549430752_18075756695088502_517622334151075218_n.jpg,Дата из сайта; даты события и Facebook-публикации независимо не проверены. В записи нет ссылки на исходный Facebook-пост.
2025-09-18,Захист для «Буревію»: амуніція та маскування для мінометників,reports,zsu,already_on_live_site,https://avku.org/reports/#report-report-2025-bureviy-mortar-support-sept18,apps/web/src/content/reports/report-2025-bureviy-mortar-support-sept18.md,,,1,images/gallery/Фото звіт 2025/548972544_2216846748783137_5648522497399294897_n.jpg,Дата из сайта; даты события и Facebook-публикации независимо не проверены. В записи нет ссылки на исходный Facebook-пост.
2025-09-20,Міжнародний день миру у Святошинському районі: об'єднані заради добра,reports,other,already_on_live_site,https://avku.org/reports/#report-report-2025-international-peace-day-svyatoshyn,apps/web/src/content/reports/report-2025-international-peace-day-svyatoshyn.md,,,10,images/gallery/Фото звіт 2025/550489145_24649980744638600_6286186546730394485_n.jpg | images/gallery/Фото звіт 2025/549057475_24649980921305249_5133153690737707485_n.jpg | images/gallery/Фото звіт 2025/549290637_24649979804638694_1087463838942788226_n.jpg | images/gallery/Фото звіт 2025/550053008_24650075227962485_5314436082028705521_n.jpg | images/gallery/Фото звіт 2025/550558110_24650075201295821_8869373702201203122_n.jpg | images/gallery/Фото звіт 2025/549468182_24650037621299579_8577222138956459160_n.jpg | images/gallery/Фото звіт 2025/549176681_24650037584632916_4004095698141114460_n.jpg | images/gallery/Фото звіт 2025/549786881_24650016121301729_7415346299842852051_n.jpg | images/gallery/Фото звіт 2025/549890916_24649980757971932_3062618361403858560_n.jpg | images/gallery/Фото звіт 2025/549294681_24649980251305316_9077297577296407849_n.jpg,Дата из сайта; даты события и Facebook-публикации независимо не проверены. В записи нет ссылки на исходный Facebook-пост.
2025-09-20,Турбота про захисників: корисні речі для бойових позицій,reports,zsu,already_on_live_site,https://avku.org/reports/#report-report-2025-zsu-essentials-sept20,apps/web/src/content/reports/report-2025-zsu-essentials-sept20.md,,,2,images/gallery/Фото звіт 2025/549417475_2218410155293463_1798701486293083251_n.jpg | images/gallery/Фото звіт 2025/551068154_2218410178626794_8111978086646028868_n.jpg,Дата из сайта; даты события и Facebook-публикации независимо не проверены. В записи нет ссылки на исходный Facebook-пост.
2025-09-21,Всесвітній день Миру: символ єдності та віри в майбутнє,reports,other,already_on_live_site,https://avku.org/reports/#report-report-2025-world-peace-day-svyatoshyn-kiev,apps/web/src/content/reports/report-2025-world-peace-day-svyatoshyn-kiev.md,,,10,images/gallery/Фото звіт 2025/551011107_1190526496268035_4469298450272798923_n.jpg | images/gallery/Фото звіт 2025/552392069_1190526456268039_4203387784005454434_n.jpg | images/gallery/Фото звіт 2025/552372675_1190526412934710_8343339744745338405_n.jpg | images/gallery/Фото звіт 2025/550334576_1190527062934645_596269880049126891_n.jpg | images/gallery/Фото звіт 2025/550839466_1190527016267983_5105058771923656507_n.jpg | images/gallery/Фото звіт 2025/550577918_1190526696268015_7671558083576418926_n.jpg | images/gallery/Фото звіт 2025/549563291_1190526639601354_3767639224884866914_n.jpg | images/gallery/Фото звіт 2025/550604072_1190526586268026_5143297493377020867_n.jpg | images/gallery/Фото звіт 2025/549912850_1190526739601344_4141319995779521841_n.jpg | images/gallery/Фото звіт 2025/552633274_1190526966267988_5504065225584952759_n.jpg,Дата из сайта; даты события и Facebook-публикации независимо не проверены. В записи нет ссылки на исходный Facebook-пост.
2025-09-26,Визнання на V Київському форумі волонтерів: нагорода для Асоціації,reports,other,already_on_live_site,https://avku.org/reports/#report-report-2025-kyiv-volunteer-forum-award,apps/web/src/content/reports/report-2025-kyiv-volunteer-forum-award.md,,,10,images/gallery/Фото звіт 2025/556121408_2224060331395112_4404864319533584743_n.jpg | images/gallery/Фото звіт 2025/555879604_2224057848062027_1851589903840463401_n.jpg | images/gallery/Фото звіт 2025/554834362_2224060294728449_7788056221550971332_n.jpg | images/gallery/Фото звіт 2025/555438559_2224060188061793_4481685931419045653_n.jpg | images/gallery/Фото звіт 2025/555647683_2224060211395124_4139213588558722318_n.jpg | images/gallery/Фото звіт 2025/556487133_2224060154728463_2686734113943782052_n.jpg | images/gallery/Фото звіт 2025/555510217_2224060281395117_8046594285386304717_n.jpg | images/gallery/Фото звіт 2025/555810762_2224058441395301_7226932651872663825_n.jpg | images/gallery/Фото звіт 2025/555427610_2224060234728455_912780612077585364_n.jpg | images/gallery/Фото звіт 2025/555067039_2224057584728720_1460799510935819766_n.jpg,Дата из сайта; даты события и Facebook-публикации независимо не проверены. В записи нет ссылки на исходный Facebook-пост.
2025-10-01,Трофеї незламності: поповнення музею Асоціації від Васильківської 40-ї бригади,reports,zsu,already_on_live_site,https://avku.org/reports/#report-report-2025-trophies-40th-brigade-vasylkiv,apps/web/src/content/reports/report-2025-trophies-40th-brigade-vasylkiv.md,,,2,images/gallery/Фото звіт 2025/558977053_1715391842493475_4005147410863484608_n.jpg | images/gallery/Фото звіт 2025/557610007_1715391875826805_5596376271189327885_n.jpg,Дата из сайта; даты события и Facebook-публикации независимо не проверены. В записи нет ссылки на исходный Facebook-пост.
2025-10-02,Турбота про життя: допомога Національному науковому центру радіологічної медицини,reports,partners,already_on_live_site,https://avku.org/reports/#report-report-2025-radiology-center-support-oct02,apps/web/src/content/reports/report-2025-radiology-center-support-oct02.md,,,4,images/gallery/Фото звіт 2025/556829693_2229545970846548_4745642272930691133_n.jpg | images/gallery/Фото звіт 2025/556035689_2229538660847279_3004633511159932487_n.jpg | images/gallery/Фото звіт 2025/558685376_2229538470847298_2417458654595148427_n.jpg | images/gallery/Фото звіт 2025/558029840_2229546007513211_7978724015775716378_n.jpg,Дата из сайта; даты события и Facebook-публикации независимо не проверены. В записи нет ссылки на исходный Facebook-пост.
2025-10-03,З Днем вчителя! Підтримка Київського ліцею ЕКО №198,reports,other,already_on_live_site,https://avku.org/reports/#report-report-2025-teachers-day-eko-lyceum,apps/web/src/content/reports/report-2025-teachers-day-eko-lyceum.md,,,5,images/gallery/Фото звіт 2025/558284279_2230495524084926_4867210708699974589_n.jpg | images/gallery/Фото звіт 2025/557728974_2230503510750794_6591991605473068575_n.jpg | images/gallery/Фото звіт 2025/557668749_2230495620751583_4164038485770106358_n.jpg | images/gallery/Фото звіт 2025/557687436_2230495587418253_3361025047038074182_n.jpg | images/gallery/Фото звіт 2025/559187180_2230495634084915_439456740832422322_n.jpg,Дата из сайта; даты события и Facebook-публикации независимо не проверены. В записи нет ссылки на исходный Facebook-пост.
2025-10-06,Логістика перемоги: подяка Гуманітарній Новій пошті,reports,partners,already_on_live_site,https://avku.org/reports/#report-report-2025-nova-poshta-logistics-support,apps/web/src/content/reports/report-2025-nova-poshta-logistics-support.md,,,5,images/gallery/Фото звіт 2025/557626619_4302546813325644_808780224422965982_n.jpg | images/gallery/Фото звіт 2025/559249095_4302546776658981_5493816000284229966_n.jpg | images/gallery/Фото звіт 2025/559533098_4302546933325632_1508045778401520037_n.jpg | images/gallery/Фото звіт 2025/557945837_4302546906658968_4710357697674669994_n.jpg | images/gallery/Фото звіт 2025/558284105_4302546863325639_2563492364451086585_n.jpg,Дата из сайта; даты события и Facebook-публикации независимо не проверены. В записи нет ссылки на исходный Facebook-пост.
2025-10-06,Зустріч у школі №131: вітання педагогів та плани на майбутнє,reports,other,already_on_live_site,https://avku.org/reports/#report-report-2025-school-131-teachers-day,apps/web/src/content/reports/report-2025-school-131-teachers-day.md,,,4,images/gallery/Фото звіт 2025/557697507_2233228933811585_2756258104782577215_n.jpg | images/gallery/Фото звіт 2025/558987717_2233229000478245_5540257996521826875_n.jpg | images/gallery/Фото звіт 2025/557039387_2233228990478246_5544603308933671214_n.jpg | images/gallery/Фото звіт 2025/557695752_2233228937144918_324632297488629664_n.jpg,Дата из сайта; даты события и Facebook-публикации независимо не проверены. В записи нет ссылки на исходный Facebook-пост.
2025-10-11,Вдячність педагогу: відзначення Анжели Сікало,reports,other,already_on_live_site,https://avku.org/reports/#report-report-2025-teacher-recognition-anzhela-sikalo,apps/web/src/content/reports/report-2025-teacher-recognition-anzhela-sikalo.md,,,1,images/gallery/Фото звіт 2025/560784270_2238515533282925_4656216308768871906_n.jpg,Дата из сайта; даты события и Facebook-публикации независимо не проверены. В записи нет ссылки на исходный Facebook-пост.
2025-10-15,Молитва за Україну: участь Асоціації у Божественній літургії у Вишгороді,reports,other,already_on_live_site,https://avku.org/reports/#report-report-2025-vyshhorod-liturgy-prayer,apps/web/src/content/reports/report-2025-vyshhorod-liturgy-prayer.md,,,5,images/gallery/Фото звіт 2025/565168890_2242189969582148_2567079022128981865_n.jpg | images/gallery/Фото звіт 2025/564199598_2242189856248826_1217262486806849510_n.jpg | images/gallery/Фото звіт 2025/563994348_2242189899582155_4396762501969438188_n.jpg | images/gallery/Фото звіт 2025/564138672_2242190049582140_5433581918911376456_n.jpg | images/gallery/Фото звіт 2025/561733666_2242189862915492_4084409708471863302_n.jpg,Дата из сайта; даты события и Facebook-публикации независимо не проверены. В записи нет ссылки на исходный Facebook-пост.
2025-10-16,Благодійний ярмарок у ліцеї «ЕКО» №198: рекордний збір для ЗСУ,reports,zsu,already_on_live_site,https://avku.org/reports/#report-report-2025-charity-fair-eko-lyceum-198,apps/web/src/content/reports/report-2025-charity-fair-eko-lyceum-198.md,,,5,images/gallery/Фото звіт 2025/561444786_2243078622826616_1418234852623180048_n.jpg | images/gallery/Фото звіт 2025/565582326_2243077896160022_502766782426235406_n.jpg | images/gallery/Фото звіт 2025/562186231_2243078682826610_56222027101847880_n.jpg | images/gallery/Фото звіт 2025/561392609_2243078656159946_3447449939514968084_n.jpg | images/gallery/Фото звіт 2025/561177664_2243078602826618_1712018528609060209_n.jpg,Дата из сайта; даты события и Facebook-публикации независимо не проверены. В записи нет ссылки на исходный Facebook-пост.
2025-10-17,Домашній затишок для захисників: смаколики в центрі реабілітації,reports,other,already_on_live_site,https://avku.org/reports/#report-report-2025-rehabilitation-center-pastry,apps/web/src/content/reports/report-2025-rehabilitation-center-pastry.md,,,3,images/gallery/Фото звіт 2025/561756264_791189050212207_1223711775613336909_n.jpg | images/gallery/Фото звіт 2025/558857639_791189020212210_6904047481494033192_n.jpg | images/gallery/Фото звіт 2025/561530646_791189030212209_5256969782647130840_n.jpg,Дата из сайта; даты события и Facebook-публикации независимо не проверены. В записи нет ссылки на исходный Facebook-пост.
2025-10-18,Допомога фронту: питна вода та маскування від «Зарос Україна»,reports,zsu,already_on_live_site,https://avku.org/reports/#report-report-2025-zaros-ukraine-support-oct18,apps/web/src/content/reports/report-2025-zaros-ukraine-support-oct18.md,,,4,images/gallery/Фото звіт 2025/565120810_2244340876033724_1020495369988803846_n.jpg | images/gallery/Фото звіт 2025/566221199_2244340882700390_5248839767600213950_n.jpg | images/gallery/Фото звіт 2025/562970281_2244340922700386_5202550248101753971_n.jpg | images/gallery/Фото звіт 2025/566206768_2244340916033720_3013592874428698064_n.jpg,Дата из сайта; даты события и Facebook-публикации независимо не проверены. В записи нет ссылки на исходный Facebook-пост.
2025-10-19,Підтримка підрозділу «Закарпатські шеркані» на Сумському напрямку,reports,zsu,already_on_live_site,https://avku.org/reports/#report-report-2025-zsu-zakarpatski-shurkani-support,apps/web/src/content/reports/report-2025-zsu-zakarpatski-shurkani-support.md,,,5,images/gallery/Фото звіт 2025/566211658_2245539682580510_3960845005679362349_n.jpg | images/gallery/Фото звіт 2025/565792668_2245539662580512_6292670137320283471_n.jpg | images/gallery/Фото звіт 2025/568281602_2245539862580492_7369415548632853665_n.jpg | images/gallery/Фото звіт 2025/568605868_2245539745913837_7478874981524210045_n.jpg | images/gallery/Фото звіт 2025/566327454_2245539719247173_9221934645108632127_n.jpg,Дата из сайта; даты события и Facebook-публикации независимо не проверены. В записи нет ссылки на исходный Facebook-пост.
2025-10-20,Дарунки від Лицарів: прапор та шеврон 28-ї ОМБ у нашому музеї,reports,zsu,already_on_live_site,https://avku.org/reports/#report-report-2025-knights-winter-campaign-flag,apps/web/src/content/reports/report-2025-knights-winter-campaign-flag.md,,,2,images/gallery/Фото звіт 2025/568345807_1731552474210745_3592530256881672601_n.jpg | images/gallery/Фото звіт 2025/568315228_1731552444210748_3812694450158379768_n.jpg,Дата из сайта; даты события и Facebook-публикации независимо не проверены. В записи нет ссылки на исходный Facebook-пост.
2025-10-28,Чемпіонат України з Кемпо: пам’яті Тогрула Ібрагімлі,reports,other,already_on_live_site,https://avku.org/reports/#report-report-2025-kempo-championship-togrul-memorial,apps/web/src/content/reports/report-2025-kempo-championship-togrul-memorial.md,,,5,images/gallery/Фото звіт 2025/571185528_2253696311764847_4540385702129830828_n.jpg | images/gallery/Фото звіт 2025/571249771_2253702468430898_7515935628367519987_n.jpg | images/gallery/Фото звіт 2025/571021265_2253696751764803_7388391883578018251_n.jpg | images/gallery/Фото звіт 2025/571208694_2253696471764831_7148744759262664406_n.jpg | images/gallery/Фото звіт 2025/571330207_2253696418431503_6848804226667939359_n.jpg,Дата из сайта; даты события и Facebook-публикации независимо не проверены. В записи нет ссылки на исходный Facebook-пост.
2025-10-30,Підтримка неба: допомога Ракетно-зенітному дивізіону 3-ї ОШБр,reports,zsu,already_on_live_site,https://avku.org/reports/#report-report-2025-zsu-3-sh-brigade-support,apps/web/src/content/reports/report-2025-zsu-3-sh-brigade-support.md,,,1,images/gallery/Фото звіт 2025/572008916_2255903461544132_6364785779438965737_n.jpg,Дата из сайта; даты события и Facebook-публикации независимо не проверены. В записи нет ссылки на исходный Facebook-пост.
2025-11-04,Щоденна праця «Борщагівських Кікімор»: захист та турбота про ЗСУ,reports,zsu,already_on_live_site,https://avku.org/reports/#report-report-2025-borshchahivka-kikimory-support-nov04,apps/web/src/content/reports/report-2025-borshchahivka-kikimory-support-nov04.md,,,10,images/gallery/Фото звіт 2025/574271267_24765773463122004_4899739404846429784_n.jpg | images/gallery/Фото звіт 2025/577218721_24765764999789517_8795878143306131317_n.jpg | images/gallery/Фото звіт 2025/577179174_24765771819788835_904890450098362563_n.jpg | images/gallery/Фото звіт 2025/574960375_24765771503122200_2979997986934075912_n.jpg | images/gallery/Фото звіт 2025/577725211_24765771139788903_5672173247495755973_n.jpg | images/gallery/Фото звіт 2025/574511242_24765769506455733_3086902696749031414_n.jpg | images/gallery/Фото звіт 2025/575196232_24765769013122449_2025563809287957499_n.jpg | images/gallery/Фото звіт 2025/574508052_24765774873121863_4397385561149680987_n.jpg | images/gallery/Фото звіт 2025/574893015_24765774093121941_5272032404860225986_n.jpg | images/gallery/Фото звіт 2025/574868321_24765775543121796_1732946367400193537_n.jpg,Дата из сайта; даты события и Facebook-публикации независимо не проверены. В записи нет ссылки на исходный Facebook-пост.
2025-11-04,"Звіт від захисників: підтримка, що наближає перемогу",reports,zsu,already_on_live_site,https://avku.org/reports/#report-report-2025-zsu-frontline-thanks-nov04,apps/web/src/content/reports/report-2025-zsu-frontline-thanks-nov04.md,,,1,images/gallery/Фото звіт 2025/574573588_1743492489683410_680563658202002929_n.jpg,Дата из сайта; даты события и Facebook-публикации независимо не проверены. В записи нет ссылки на исходный Facebook-пост.
2025-11-05,Смак турботи: подарунки від «Святошин двір» для Центру реабілітації,reports,other,already_on_live_site,https://avku.org/reports/#report-report-2025-svyatoshyn-dvir-rehabilitation-support,apps/web/src/content/reports/report-2025-svyatoshyn-dvir-rehabilitation-support.md,,,5,images/gallery/Фото звіт 2025/574588349_806848658646246_5646629150632317373_n.jpg | images/gallery/Фото звіт 2025/576338223_806848788646233_3812159914666987564_n.jpg | images/gallery/Фото звіт 2025/573624261_806848655312913_2814343401109806988_n.jpg | images/gallery/Фото звіт 2025/577350416_806848998646212_1337425848632219147_n.jpg | images/gallery/Фото звіт 2025/577418314_806848988646213_7589361334854406897_n.jpg,Дата из сайта; даты события и Facebook-публикации независимо не проверены. В записи нет ссылки на исходный Facebook-пост.
2025-11-11,Визнання від десантників: подяка від 82-ї ОДШБр,reports,zsu,already_on_live_site,https://avku.org/reports/#report-report-2025-82-brigade-recognition-nov11,apps/web/src/content/reports/report-2025-82-brigade-recognition-nov11.md,,,2,images/gallery/Фото звіт 2025/581886277_2266914643776347_4413226742846213016_n.jpg | images/gallery/Фото звіт 2025/581924470_2266914653776346_7144939103501522658_n.jpg,Дата из сайта; даты события и Facebook-публикации независимо не проверены. В записи нет ссылки на исходный Facebook-пост.
2025-11-14,Зустріч із капеланами 116-ї ОМБр: духовність та допомога,reports,zsu,already_on_live_site,https://avku.org/reports/#report-report-2025-116-brigade-chaplains-meeting,apps/web/src/content/reports/report-2025-116-brigade-chaplains-meeting.md,,,5,images/gallery/Фото звіт 2025/581929922_2269495246851620_6228516704047572483_n.jpg | images/gallery/Фото звіт 2025/581924473_2269495320184946_3233588699203745112_n.jpg | images/gallery/Фото звіт 2025/581925880_2269495326851612_7089779411775842285_n.jpg | images/gallery/Фото звіт 2025/581876217_2269495303518281_1505731572821614653_n.jpg | images/gallery/Фото звіт 2025/581931263_2269495263518285_390519257379838896_n.jpg,Дата из сайта; даты события и Facebook-публикации независимо не проверены. В записи нет ссылки на исходный Facebook-пост.
2025-11-18,Міжнародна підтримка: спанбонд для Святошинських маскувальних сіток,reports,zsu,already_on_live_site,https://avku.org/reports/#report-report-2025-kiel-society-support-nov18,apps/web/src/content/reports/report-2025-kiel-society-support-nov18.md,,,5,images/gallery/Фото звіт 2025/583862853_4349489488631376_8895774664047529404_n.jpg | images/gallery/Фото звіт 2025/584373813_4349489241964734_2798731176141765742_n.jpg | images/gallery/Фото звіт 2025/584622460_4349489428631382_5679686564428293727_n.jpg | images/gallery/Фото звіт 2025/582560324_4349489388631386_2126886186749632476_n.jpg | images/gallery/Фото звіт 2025/584752274_4349489548631370_7311793209059135675_n.jpg,Дата из сайта; даты события и Facebook-публикации независимо не проверены. В записи нет ссылки на исходный Facebook-пост.
2025-11-21,Єднання заради Перемоги: «Біличанські Котики» у дії,reports,zsu,already_on_live_site,https://avku.org/reports/#report-report-2025-bilychi-cats-unity-nov21,apps/web/src/content/reports/report-2025-bilychi-cats-unity-nov21.md,,,5,images/gallery/Фото звіт 2025/558907449_1756507768381882_4567102540276606699_n.jpg | images/gallery/Фото звіт 2025/585814810_1756507725048553_2888369505298586404_n.jpg | images/gallery/Фото звіт 2025/584954497_1756738398358819_3391471951536301856_n.jpg | images/gallery/Фото звіт 2025/584959166_1756507881715204_7980087317385615366_n.jpg | images/gallery/Фото звіт 2025/585198537_1756507845048541_953630302561998076_n.jpg,Дата из сайта; даты события и Facebook-публикации независимо не проверены. В записи нет ссылки на исходный Facebook-пост.
2025-11-27,Спільна молитва за Україну: храмове свято ікони Божої Матері «Знамення»,reports,other,already_on_live_site,https://avku.org/reports/#report-report-2025-temple-holiday-znamennia,apps/web/src/content/reports/report-2025-temple-holiday-znamennia.md,,,5,images/gallery/Фото звіт 2025/589733307_2280243519110126_917578818730544920_n.jpg | images/gallery/Фото звіт 2025/590407531_2280243509110127_5770810262359321554_n.jpg | images/gallery/Фото звіт 2025/590231896_2280243499110128_1776754539235409963_n.jpg | images/gallery/Фото звіт 2025/590273283_2280243552443456_3828841566939491909_n.jpg | images/gallery/Фото звіт 2025/589593278_2280243492443462_6706952404103665226_n.jpg,Дата из сайта; даты события и Facebook-публикации независимо не проверены. В записи нет ссылки на исходный Facebook-пост.
2025-11-29,Акція «Подарунок під подушку»: перші 50 пакунків для ЗСУ,reports,zsu,already_on_live_site,https://avku.org/reports/#report-report-2025-christmas-gifts-kikimory-50,apps/web/src/content/reports/report-2025-christmas-gifts-kikimory-50.md,,,5,images/gallery/Фото звіт 2025/586512935_24984586434574038_807404727848866700_n.jpg | images/gallery/Фото звіт 2025/592917598_24984589124573769_6824521078564540692_n.jpg | images/gallery/Фото звіт 2025/592352767_24984594324573249_7019511576691092836_n.jpg | images/gallery/Фото звіт 2025/590543569_24984593654573316_1138312516496403562_n.jpg | images/gallery/Фото звіт 2025/591496648_24984592914573390_1078393083259885576_n.jpg,Дата из сайта; даты события и Facebook-публикации независимо не проверены. В записи нет ссылки на исходный Facebook-пост.
2025-12-01,Захист для фронту: успішний збір спанбонду для маскувальних сіток,reports,zsu,already_on_live_site,https://avku.org/reports/#report-report-2025-spanbond-collection-svyatoshyn,apps/web/src/content/reports/report-2025-spanbond-collection-svyatoshyn.md,,,5,images/gallery/Фото звіт 2025/591750842_4362198984027093_9115678360020653756_n.jpg | images/gallery/Фото звіт 2025/591719180_4362199504027041_5653699570385062244_n.jpg | images/gallery/Фото звіт 2025/591422669_4362199647360360_55352347236476632_n.jpg | images/gallery/Фото звіт 2025/592267526_4362199560693702_8004279269345641242_n.jpg | images/gallery/Фото звіт 2025/591763712_4362199220693736_3390245133308997355_n.jpg,Дата из сайта; даты события и Facebook-публикации независимо не проверены. В записи нет ссылки на исходный Facebook-пост.
2025-12-04,Какао з військовим: тепла зустріч у ліцеї №281,reports,other,already_on_live_site,https://avku.org/reports/#report-report-2025-lyceum-281-kakao-meeting,apps/web/src/content/reports/report-2025-lyceum-281-kakao-meeting.md,,,5,images/gallery/Фото звіт 2025/594956072_2285656515235493_7775721353163630815_n.jpg | images/gallery/Фото звіт 2025/594943532_2285656601902151_7099464280334350308_n.jpg | images/gallery/Фото звіт 2025/593510002_2285656688568809_4038809442291707680_n.jpg | images/gallery/Фото звіт 2025/594071543_2285656795235465_8781979921842105600_n.jpg | images/gallery/Фото звіт 2025/593098329_2285656698568808_1411592078887922030_n.jpg,Дата из сайта; даты события и Facebook-публикации независимо не проверены. В записи нет ссылки на исходный Facebook-пост.
2025-12-04,Смак дому для військових: день турботи від «Святошин двір»,reports,partners,already_on_live_site,https://avku.org/reports/#report-report-2025-svyatoshyn-dvir-pizza-day,apps/web/src/content/reports/report-2025-svyatoshyn-dvir-pizza-day.md,,,3,images/gallery/Фото звіт 2026/594957137_828858096445302_679103454335499151_n.jpg | images/gallery/Фото звіт 2026/594921504_828858199778625_7215828133033968618_n.jpg | images/gallery/Фото звіт 2026/592243909_828857919778653_453587330691420753_n.jpg,Дата из сайта; даты события и Facebook-публикации независимо не проверены. В записи нет ссылки на исходный Facebook-пост.
2025-12-06,Перший форум волонтерів Святошинського району: сила нашої єдності,reports,other,already_on_live_site,https://avku.org/reports/#report-report-2025-svyatoshyn-vol-forum-p1,apps/web/src/content/reports/report-2025-svyatoshyn-vol-forum-p1.md,,,6,images/gallery/Фото звіт 2025/595505616_122148745298848225_925144908837499642_n.jpg | images/gallery/Фото звіт 2025/595572450_122148745544848225_6311030642430720521_n.jpg | images/gallery/Фото звіт 2025/594959283_122148745310848225_658130069694345948_n.jpg | images/gallery/Фото звіт 2025/595594500_122148745316848225_1711887921882738163_n.jpg | images/gallery/Фото звіт 2025/594957692_122148745328848225_4377197736023571552_n.jpg | images/gallery/Фото звіт 2025/594976192_122148745664848225_357762892149109271_n.jpg,Дата из сайта; даты события и Facebook-публикации независимо не проверены. В записи нет ссылки на исходный Facebook-пост.
2025-12-06,Перший форум волонтерів: відзначення громади Храму ікони «Знамення»,reports,other,already_on_live_site,https://avku.org/reports/#report-report-2025-svyatoshyn-vol-forum-znamennia-award,apps/web/src/content/reports/report-2025-svyatoshyn-vol-forum-znamennia-award.md,,,1,images/gallery/Фото звіт 2025/595238015_25028292880203689_540995468563803978_n.jpg,Дата из сайта; даты события и Facebook-публикации независимо не проверены. В записи нет ссылки на исходный Facebook-пост.
2025-12-06,Перший форум волонтерів Святошинського району: єднання заради перемоги,reports,other,already_on_live_site,https://avku.org/reports/#report-report-2025-svyatoshyn-volunteer-forum,apps/web/src/content/reports/report-2025-svyatoshyn-volunteer-forum.md,,,5,images/gallery/Фото звіт 2025/594348703_25032870793078935_5711491018929922506_n.jpg | images/gallery/Фото звіт 2025/593354743_25032875139745167_8023420651706877701_n.jpg | images/gallery/Фото звіт 2025/595267746_25032874456411902_6498933349495883551_n.jpg | images/gallery/Фото звіт 2025/594790121_25032873653078649_7676448007119635240_n.jpg | images/gallery/Фото звіт 2025/595321362_25032873009745380_1608795228221440941_n.jpg,Дата из сайта; даты события и Facebook-публикации независимо не проверены. В записи нет ссылки на исходный Facebook-пост.
2025-12-06,Вдячність волонтерам Святошинського району за участь у форумі,reports,other,already_on_live_site,https://avku.org/reports/#report-report-2025-svyatoshyn-volunteer-forum-gratitude,apps/web/src/content/reports/report-2025-svyatoshyn-volunteer-forum-gratitude.md,,,5,images/gallery/Фото звіт 2025/595066155_4366335783613413_5480831999085114634_n.jpg | images/gallery/Фото звіт 2025/594907608_4366335733613418_9133985911220240528_n.jpg | images/gallery/Фото звіт 2025/594969855_4366335640280094_2694523471054586610_n.jpg | images/gallery/Фото звіт 2025/595275963_4366335600280098_7397890006467820658_n.jpg | images/gallery/Фото звіт 2025/593571039_4366335180280140_8439396159163180010_n.jpg,Дата из сайта; даты события и Facebook-публикации независимо не проверены. В записи нет ссылки на исходный Facebook-пост.
2025-12-07,Зв'язок для фронту: передача Starlink 3-му армійському корпусу,reports,zsu,already_on_live_site,https://avku.org/reports/#report-report-2025-starlink-3-corps-forum,apps/web/src/content/reports/report-2025-starlink-3-corps-forum.md,,,3,images/gallery/Фото звіт 2025/595290094_2287843235016821_3430147281481185071_n.jpg | images/gallery/Фото звіт 2025/594804984_2287843201683491_8909213401352082807_n.jpg | images/gallery/Фото звіт 2025/596805882_2287843208350157_5241907593871858496_n.jpg,Дата из сайта; даты события и Facebook-публикации независимо не проверены. В записи нет ссылки на исходный Facebook-пост.
2025-12-08,"Перший форум волонтерів: миті визнання, щирі емоції та високі церковні нагороди",reports,other,already_on_live_site,https://avku.org/reports/#report-report-2025-svyatoshyn-forum-awards-p2,apps/web/src/content/reports/report-2025-svyatoshyn-forum-awards-p2.md,,,6,images/gallery/Фото звіт 2025/595503192_122148952226848225_8079386598362882421_n.jpg | images/gallery/Фото звіт 2025/594867690_122148951536848225_7589176611650429305_n.jpg | images/gallery/Фото звіт 2025/595493889_122148952934848225_6682381905693265432_n.jpg | images/gallery/Фото звіт 2025/595501912_122148952928848225_1854779363738711809_n.jpg | images/gallery/Фото звіт 2025/595664593_122148952664848225_6613994589696082425_n.jpg | images/gallery/Фото звіт 2025/595158944_122148952604848225_4634134055623436064_n.jpg,Дата из сайта; даты события и Facebook-публикации независимо не проверены. В записи нет ссылки на исходный Facebook-пост.
2025-12-08,Миті єднання та гордості: продовжуємо ділитися спогадами з форуму,reports,other,already_on_live_site,https://avku.org/reports/#report-report-2025-volunteer-forum-moments-dec08,apps/web/src/content/reports/report-2025-volunteer-forum-moments-dec08.md,,,2,images/gallery/Фото звіт 2025/595826378_3374770362682201_1277173144753159513_n.jpg | images/gallery/Фото звіт 2025/597320767_3374770336015537_1039975367197075349_n.jpg,Дата из сайта; даты события и Facebook-публикации независимо не проверены. В записи нет ссылки на исходный Facebook-пост.
2025-12-12,Визнання від Мін'юсту: нові горизонти співпраці та реабілітації,reports,other,already_on_live_site,https://avku.org/reports/#report-report-2025-minjust-meeting,apps/web/src/content/reports/report-2025-minjust-meeting.md,,,7,images/gallery/Фото звіт 2025/598796301_2291828021285009_7952282370168919039_n.jpg | images/gallery/Фото звіт 2025/598627478_2291828137951664_9126850157728986558_n.jpg | images/gallery/Фото звіт 2025/596820046_2291828074618337_1572129679931038795_n.jpg | images/gallery/Фото звіт 2025/596820923_2291828104618334_653926477343641119_n.jpg | images/gallery/Фото звіт 2025/597908591_2291828011285010_8678097102432099679_n.jpg | images/gallery/Фото звіт 2025/598028323_2291828114618333_8596582947623108663_n.jpg | images/gallery/Фото звіт 2025/596818447_2291828081285003_710010854667223709_n.jpg,Дата из сайта; даты события и Facebook-публикации независимо не проверены. В записи нет ссылки на исходный Facebook-пост.
2025-12-12,Єднання заради захисників: Школа №131 підтримує 131-й батальйон ТРО,reports,zsu,already_on_live_site,https://avku.org/reports/#report-report-2025-school-131-tro,apps/web/src/content/reports/report-2025-school-131-tro.md,,,8,images/gallery/Фото звіт 2025/598812075_2291570674644077_3493031276000836969_n.jpg | images/gallery/Фото звіт 2025/596817535_2291570624644082_3590336547516606026_n.jpg | images/gallery/Фото звіт 2025/596811681_2291570724644072_6217699968133908017_n.jpg | images/gallery/Фото звіт 2025/599542806_2291570641310747_1128397712051640486_n.jpg | images/gallery/Фото звіт 2025/598115719_2291570667977411_8843809812176335347_n.jpg | images/gallery/Фото звіт 2025/596815632_2291570717977406_1723041328565433913_n.jpg | images/gallery/Фото звіт 2025/596812313_2291570694644075_6754780589063233125_n.jpg | images/gallery/Фото звіт 2025/597146602_2291570701310741_2456390442643523440_n.jpg,Дата из сайта; даты события и Facebook-публикации независимо не проверены. В записи нет ссылки на исходный Facebook-пост.
2025-12-15,Допомога для Сумщини: захисні сітки та дитяче тепло,reports,zsu,already_on_live_site,https://avku.org/reports/#report-report-2025-sumy-direction-support-dec15,apps/web/src/content/reports/report-2025-sumy-direction-support-dec15.md,,,5,images/gallery/Фото звіт 2025/598845599_2217481072390230_2615696713600889531_n.jpg | images/gallery/Фото звіт 2025/598984261_2217480065723664_5381691722453159604_n.jpg | images/gallery/Фото звіт 2025/600348284_2217479875723683_796464647489602973_n.jpg | images/gallery/Фото звіт 2025/598767603_2217479682390369_6397329066566187988_n.jpg | images/gallery/Фото звіт 2025/599964288_2217478672390470_2276155941420065782_n.jpg,Дата из сайта; даты события и Facebook-публикации независимо не проверены. В записи нет ссылки на исходный Facebook-пост.
2025-12-16,Підтримка воїнів-богословів: допомога студентам КПБА на передовій,reports,zsu,already_on_live_site,https://avku.org/reports/#report-report-2025-kpba-support,apps/web/src/content/reports/report-2025-kpba-support.md,,,4,images/gallery/Фото звіт 2025/600489192_1490103386454100_5755849848588210845_n.jpg | images/gallery/Фото звіт 2025/597391691_1490103439787428_2499537345815261210_n.jpg | images/gallery/Фото звіт 2025/600442395_1490103433120762_1976126477212264769_n.jpg | images/gallery/Фото звіт 2025/597387984_1490103379787434_5091382069156019539_n.jpg,Дата из сайта; даты события и Facebook-публикации независимо не проверены. В записи нет ссылки на исходный Facebook-пост.
2025-12-23,Стійкість та підтримка: подяка «Біличанським Котикам» та партнерам,reports,zsu,already_on_live_site,https://avku.org/reports/#report-report-2025-bilychi-cats-partners-gratitude-dec23,apps/web/src/content/reports/report-2025-bilychi-cats-partners-gratitude-dec23.md,,,5,images/gallery/Фото звіт 2025/605171019_1778679256164733_2545638671356080399_n.jpg | images/gallery/Фото звіт 2025/604833613_1778679216164737_8432601619925700197_n.jpg | images/gallery/Фото звіт 2025/604876928_1778679522831373_4855424764145457413_n.jpg | images/gallery/Фото звіт 2025/604756102_1778679482831377_4135427429598873979_n.jpg | images/gallery/Фото звіт 2025/605223081_1778679432831382_3153673812638266218_n.jpg,Дата из сайта; даты события и Facebook-публикации независимо не проверены. В записи нет ссылки на исходный Facebook-пост.
2025-12-24,Україна — козацька держава: волонтерство та патріотичне виховання,reports,other,already_on_live_site,https://avku.org/reports/#report-report-2025-cossack-state-conference-dec24,apps/web/src/content/reports/report-2025-cossack-state-conference-dec24.md,,,5,images/gallery/Фото звіт 2025/604914448_2301067643694380_4245692829633940170_n.jpg | images/gallery/Фото звіт 2025/600382969_2301067573694387_2879732254566509641_n.jpg | images/gallery/Фото звіт 2025/604638880_2301067623694382_2671738346707322567_n.jpg | images/gallery/Фото звіт 2025/605125860_2301067667027711_4738269884145263806_n.jpg | images/gallery/Фото звіт 2025/601408085_2301067553694389_8370038215795545072_n.jpg,Дата из сайта; даты события и Facebook-публикации независимо не проверены. В записи нет ссылки на исходный Facebook-пост.
2025-12-25,Різдвяна зустріч у Богословській академії: молитва та єдність заради воїнів,reports,other,already_on_live_site,https://avku.org/reports/#report-report-2025-christmas-academy-meeting-dec25,apps/web/src/content/reports/report-2025-christmas-academy-meeting-dec25.md,,,5,images/gallery/Фото звіт 2025/605533400_2302317770236034_8914660065651141224_n.jpg | images/gallery/Фото звіт 2025/603811017_2302317783569366_6215367567566054125_n.jpg | images/gallery/Фото звіт 2025/605208489_2302317823569362_4661137247486745961_n.jpg | images/gallery/Фото звіт 2025/603795954_2302317816902696_2057618248303007295_n.jpg | images/gallery/Фото звіт 2025/603837947_2302317846902693_5473540511694601272_n.jpg,Дата из сайта; даты события и Facebook-публикации независимо не проверены. В записи нет ссылки на исходный Facebook-пост.
2025-12-28,Маскування для захисту життя: передача сіток та кікімор,reports,zsu,already_on_live_site,https://avku.org/reports/#report-report-2025-zsu-camouflage-support-dec28,apps/web/src/content/reports/report-2025-zsu-camouflage-support-dec28.md,,,1,images/gallery/Фото звіт 2025/607148941_2304553813345763_9161508378688695634_n.jpg,Дата из сайта; даты события и Facebook-публикации независимо не проверены. В записи нет ссылки на исходный Facebook-пост.
2025-12-31,Незламний тил: «Борщагівські Кікімори» завершують рік допомогою фронту,reports,zsu,already_on_live_site,https://avku.org/reports/#report-report-2025-nye-kikimory-support,apps/web/src/content/reports/report-2025-nye-kikimory-support.md,,,5,images/gallery/Фото звіт 2025/607600682_25235185692847443_8796715729856496380_n.jpg | images/gallery/Фото звіт 2025/607176167_25235189389513740_9029318722345077797_n.jpg | images/gallery/Фото звіт 2025/605543561_25235187362847276_6629217641333435263_n.jpg | images/gallery/Фото звіт 2025/606012127_25235187139513965_6318714974106164716_n.jpg | images/gallery/Фото звіт 2025/605501845_25235186792847333_5043031727690234414_n.jpg,Дата из сайта; даты события и Facebook-публикации независимо не проверены. В записи нет ссылки на исходный Facebook-пост.
2025-12-31,Підсумки року: велика подяка за підтримку та єдність волонтерської родини,reports,partners,already_on_live_site,https://avku.org/reports/#report-report-2025-year-end-gratitude,apps/web/src/content/reports/report-2025-year-end-gratitude.md,,,1,images/gallery/Фото звіт 2025/605549034_4390959234484401_4271218831003232194_n.jpg,Дата из сайта; даты события и Facebook-публикации независимо не проверены. В записи нет ссылки на исходный Facebook-пост.
2026-01-05,Новий вектор розвитку: партнерство Асоціації та КНДУ «НДІРОМ»,reports,partners,already_on_live_site,https://avku.org/reports/#report-report-2026-partnership-ndirom-jan05,apps/web/src/content/reports/report-2026-partnership-ndirom-jan05.md,,,4,images/gallery/Фото звіт 2025/611720450_25306073342425881_4800842396378177496_n.jpg | images/gallery/Фото звіт 2025/607684241_25306073515759197_4826789720794179652_n.jpg | images/gallery/Фото звіт 2025/607645501_25306073339092548_2847304627657258239_n.jpg | images/gallery/Фото звіт 2025/611683026_25306073525759196_1669052993937059884_n.jpg,Дата из сайта; даты события и Facebook-публикации независимо не проверены. В записи нет ссылки на исходный Facebook-пост.
2026-01-08,Сила в єдності: підписано меморандум із групою «З Любовʼю до Перемоги»,reports,partners,already_on_live_site,https://avku.org/reports/#report-report-2026-memorandum-love-victory-jan08,apps/web/src/content/reports/report-2026-memorandum-love-victory-jan08.md,,,5,images/gallery/Фото звіт 2025/613634391_2313249282476216_291901187310549233_n.jpg | images/gallery/Фото звіт 2025/612484611_2313249152476229_6210128692752232632_n.jpg | images/gallery/Фото звіт 2025/610869629_2313249272476217_1405468559702456416_n.jpg | images/gallery/Фото звіт 2025/611245885_2313249305809547_6170151012564783602_n.jpg | images/gallery/Фото звіт 2025/611670243_2313249222476222_3484306551244137154_n.jpg,Дата из сайта; даты события и Facebook-публикации независимо не проверены. В записи нет ссылки на исходный Facebook-пост.
2026-01-10,Зимова допомога для 112-ї бригади: тепло та провізія,reports,zsu,already_on_live_site,https://avku.org/reports/#report-report-2026-112-brigade-support-jan10,apps/web/src/content/reports/report-2026-112-brigade-support-jan10.md,,,1,images/gallery/Фото звіт 2025/612409434_2314775915656886_3234364142687214495_n.jpg,Дата из сайта; даты события и Facebook-публикации независимо не проверены. В записи нет ссылки на исходный Facebook-пост.
2026-01-12,Підтримка «Пунктів незламності» Голосіївського району,reports,humanitarian,already_on_live_site,https://avku.org/reports/#report-report-2026-holosiiv-invincibility-jan12,apps/web/src/content/reports/report-2026-holosiiv-invincibility-jan12.md,,,2,images/gallery/Фото звіт 2025/615806424_2316342298833581_612746435235570382_n.jpg | images/gallery/Фото звіт 2025/615689091_2316342305500247_6502082648150618660_n.jpg,Дата из сайта; даты события и Facebook-публикации независимо не проверены. В записи нет ссылки на исходный Facebook-пост.
2026-01-14,Незламність у морози: «Біличанські Котики» передали тепло захисникам,reports,zsu,already_on_live_site,https://avku.org/reports/#report-report-2026-bilychanski-kotyky-warmth-jan14,apps/web/src/content/reports/report-2026-bilychanski-kotyky-warmth-jan14.md,,,2,images/gallery/Фото звіт 2025/615884182_1793851684647490_3383879973775724472_n.jpg | images/gallery/Фото звіт 2025/616396335_1793851631314162_5513313088792229077_n.jpg,Дата из сайта; даты события и Facebook-публикации независимо не проверены. В записи нет ссылки на исходный Facebook-пост.
2026-01-15,Незламний захист: Святошинські маскувальні сіточки працюють попри морози,reports,zsu,already_on_live_site,https://avku.org/reports/#report-report-2026-svyatoshyn-nets-jan15,apps/web/src/content/reports/report-2026-svyatoshyn-nets-jan15.md,,,1,images/gallery/Фото звіт 2025/616795773_4405759243004400_5280176607689064713_n.jpg,Дата из сайта; даты события и Facebook-публикации независимо не проверены. В записи нет ссылки на исходный Facebook-пост.
2026-01-18,Підтримка 25-ї ОДШБ та 117-ї ОБр ТрО: передача тепла та засобів гігієни,reports,zsu,already_on_live_site,https://avku.org/reports/#report-report-2026-front-aid-pokrovsk-zaporizhzhia,apps/web/src/content/reports/report-2026-front-aid-pokrovsk-zaporizhzhia.md,,,5,images/gallery/Фото звіт 2025/615295072_25371236422575998_3734555612823862858_n.jpg | images/gallery/Фото звіт 2025/616416370_25371238785909095_1484406194091479801_n.jpg | images/gallery/Фото звіт 2025/616956020_25371238399242467_962610985707886173_n.jpg | images/gallery/Фото звіт 2025/616578346_25371238082575832_4551458948080133735_n.jpg | images/gallery/Фото звіт 2025/617470401_25371237805909193_4900916544960583957_n.jpg,Дата из сайта; даты события и Facebook-публикации независимо не проверены. В записи нет ссылки на исходный Facebook-пост.
2026-01-22,Допомога Харківському напрямку: маскування та тепло для воїнів,reports,zsu,already_on_live_site,https://avku.org/reports/#report-report-2026-kharkiv-direction-jan22,apps/web/src/content/reports/report-2026-kharkiv-direction-jan22.md,,,1,images/gallery/Фото звіт 2025/622372362_2249892322482438_1100873249738117900_n.jpg,Дата из сайта; даты события и Facebook-публикации независимо не проверены. В записи нет ссылки на исходный Facebook-пост.
2026-01-24,Подяка майстрам та партнерам: разом підтримуємо наших захисників,reports,zsu,already_on_live_site,https://avku.org/reports/#report-report-2026-partners-gratitude-jan24,apps/web/src/content/reports/report-2026-partners-gratitude-jan24.md,,,5,images/gallery/Фото звіт 2025/619198868_1411031767339496_2240254070726617856_n.jpg | images/gallery/Фото звіт 2025/618825534_1411031467339526_8834856799664472107_n.jpg | images/gallery/Фото звіт 2025/620084484_1411031297339543_1673308832322174582_n.jpg | images/gallery/Фото звіт 2025/617731413_1411031094006230_4959872147221015105_n.jpg | images/gallery/Фото звіт 2025/618260464_1411032227339450_3112439853706492940_n.jpg,Дата из сайта; даты события и Facebook-публикации независимо не проверены. В записи нет ссылки на исходный Facebook-пост.
2026-01-26,Світло та тепло для 22-ї бригади на Харківщині,reports,zsu,already_on_live_site,https://avku.org/reports/#report-report-2026-01-26-brigade-22,apps/web/src/content/reports/report-2026-01-26-brigade-22.md,,,1,images/gallery/Фото звіт 2025/619615900_25716313401353347_8794087614009775928_n.jpg,Дата из сайта; даты события и Facebook-публикации независимо не проверены. В записи нет ссылки на исходный Facebook-пост.
2026-01-27,Звіт від захисників: маскування та тепло доставлено!,reports,zsu,already_on_live_site,https://avku.org/reports/#report-report-2026-zsu-feedback-jan27,apps/web/src/content/reports/report-2026-zsu-feedback-jan27.md,,,2,images/gallery/Фото звіт 2025/618805065_2250762899062047_988101867711288386_n.jpg | images/gallery/Фото звіт 2025/619544268_2250762955728708_2633909055698982775_n.jpg,Дата из сайта; даты события и Facebook-публикации независимо не проверены. В записи нет ссылки на исходный Facebook-пост.
2026-01-28,Звіт від наших Незламних: кожен воїн — це родина,reports,zsu,already_on_live_site,https://avku.org/reports/#report-report-2026-unbreakable-support-jan28,apps/web/src/content/reports/report-2026-unbreakable-support-jan28.md,,,3,images/gallery/Фото звіт 2025/623708671_1804054040293921_8811796905225516906_n.jpg | images/gallery/Фото звіт 2025/622865871_1804054146960577_7700891198666058694_n.jpg | images/gallery/Фото звіт 2025/622797230_1804054093627249_844955411703562336_n.jpg,Дата из сайта; даты события и Facebook-публикации независимо не проверены. В записи нет ссылки на исходный Facebook-пост.
2026-02-01,Тепла зустріч із «Біличанськими Котиками»: вручення посвідчень та підтримка,reports,partners,already_on_live_site,https://avku.org/reports/#report-report-2026-bilychi-visit-ids-feb01,apps/web/src/content/reports/report-2026-bilychi-visit-ids-feb01.md,,,5,images/gallery/Фото звіт 2025/623364194_867140106213380_2942819914800135769_n.jpg | images/gallery/Фото звіт 2025/623221143_867140242880033_4050274555306077902_n.jpg | images/gallery/Фото звіт 2025/625214017_867140579546666_3323515002984924403_n.jpg | images/gallery/Фото звіт 2025/624540474_867139949546729_1278540610988303853_n.jpg | images/gallery/Фото звіт 2025/626853308_867140626213328_4741305069108663161_n.jpg,Дата из сайта; даты события и Facebook-публикации независимо не проверены. В записи нет ссылки на исходный Facebook-пост.
2026-02-01,"«Дуже холодно, але треба»: вихідні Святошинських маскувальних сіточок",reports,other,already_on_live_site,https://avku.org/reports/#report-report-2026-svyatoshyn-nets-cold-weekend-feb01,apps/web/src/content/reports/report-2026-svyatoshyn-nets-cold-weekend-feb01.md,,,6,images/gallery/Фото звіт 2026/625091673_26594554966811906_2399399028494990908_n.jpg | images/gallery/Фото звіт 2026/625834502_26594563413477728_7428381232314007214_n.jpg | images/gallery/Фото звіт 2026/624431212_26594566326810770_1925889987347428928_n.jpg | images/gallery/Фото звіт 2026/624578822_26594568483477221_9013316110742581802_n.jpg | images/gallery/Фото звіт 2026/625421861_26594557400144996_1105459542201377298_n.jpg | images/gallery/Фото звіт 2026/626865141_26594557673478302_8723019799670249433_n.jpg,Дата из сайта; даты события и Facebook-публикации независимо не проверены. В записи нет ссылки на исходный Facebook-пост.
2026-02-06,Тепло ніг та сердець: передали 40 пар устілок захисникам,reports,zsu,already_on_live_site,https://avku.org/reports/#report-report-2026-insoles-support-feb06,apps/web/src/content/reports/report-2026-insoles-support-feb06.md,,,3,images/gallery/Фото звіт 2026/630646673_1811582222874436_7371262788136540645_n.jpg | images/gallery/Фото звіт 2026/629320019_1811619839537341_9106196163570052596_n.jpg | images/gallery/Фото звіт 2026/629336351_1811621629537162_3201886972436621398_n.jpg,Дата из сайта; даты события и Facebook-публикации независимо не проверены. В записи нет ссылки на исходный Facebook-пост.
2026-02-08,«Борщагівські Кікімори»: щоденна праця заради життя наших воїнів,reports,partners,already_on_live_site,https://avku.org/reports/#report-report-2026-kikimory-daily-work-feb08,apps/web/src/content/reports/report-2026-kikimory-daily-work-feb08.md,,,8,images/gallery/Фото звіт 2026/629904789_25573047782394564_3225810599299957471_n.jpg | images/gallery/Фото звіт 2026/628279803_25573048589061150_1270492742242016465_n.jpg | images/gallery/Фото звіт 2026/629127475_25573049329061076_7837162986887335657_n.jpg | images/gallery/Фото звіт 2026/627527683_25573044302394912_3737946308285660436_n.jpg | images/gallery/Фото звіт 2026/626769391_25573044945728181_7210649399711618727_n.jpg | images/gallery/Фото звіт 2026/627912177_25573045529061456_9168947661671316809_n.jpg | images/gallery/Фото звіт 2026/629771554_25573046215728054_7019890091270729011_n.jpg | images/gallery/Фото звіт 2026/628439338_25573046959061313_8479424804040239686_n.jpg,Дата из сайта; даты события и Facebook-публикации независимо не проверены. В записи нет ссылки на исходный Facebook-пост.
2026-02-08,Транспорт для порятунку: передача авто 117-й бригаді за підтримки громади,reports,zsu,already_on_live_site,https://avku.org/reports/#report-report-2026-med-auto-117-brigade-feb08,apps/web/src/content/reports/report-2026-med-auto-117-brigade-feb08.md,,,9,images/gallery/Фото звіт 2026/627636779_25563406016692370_4585823130914500478_n.jpg | images/gallery/Фото звіт 2026/628258619_25563405680025737_2544131499976862978_n.jpg | images/gallery/Фото звіт 2026/627461656_25563405006692471_8853732012413284325_n.jpg | images/gallery/Фото звіт 2026/628399209_25563404746692497_2137385520590217826_n.jpg | images/gallery/Фото звіт 2026/628196925_25563404123359226_7981628430776824537_n.jpg | images/gallery/Фото звіт 2026/628011194_25563403590025946_274292163174512742_n.jpg | images/gallery/Фото звіт 2026/629836025_25563403190025986_4939084990984799181_n.jpg | images/gallery/Фото звіт 2026/629665032_25563402696692702_4715777881625726151_n.jpg | images/gallery/Фото звіт 2026/629799396_25563406470025658_2845781608772012177_n.jpg,Дата из сайта; даты события и Facebook-публикации независимо не проверены. В записи нет ссылки на исходный Facebook-пост.
2026-02-08,«Ваша віра — наша сила»: відгук військових про маскувальні сітки,reports,zsu,already_on_live_site,https://avku.org/reports/#report-report-2026-svyatoshyn-nets-feedback-feb08,apps/web/src/content/reports/report-2026-svyatoshyn-nets-feedback-feb08.md,,,1,images/gallery/Фото звіт 2026/629086702_26658052370462165_8305817613493621197_n.jpg,Дата из сайта; даты события и Facebook-публикации независимо не проверены. В записи нет ссылки на исходный Facebook-пост.
2026-02-11,Слова вдячності від захисників: разом ми сильніші,reports,zsu,already_on_live_site,https://avku.org/reports/#report-report-2026-feedback-various-units-feb11,apps/web/src/content/reports/report-2026-feedback-various-units-feb11.md,,,4,images/gallery/Фото звіт 2026/631637538_25590761013956870_3632040511008473042_n.jpg | images/gallery/Фото звіт 2026/632668284_25590759240623714_5807872308861713792_n.jpg | images/gallery/Фото звіт 2026/631921372_25590759693957002_5190745233856063092_n.jpg | images/gallery/Фото звіт 2026/632326496_25590760350623603_7849918095276696607_n.jpg,Дата из сайта; даты события и Facebook-публикации независимо не проверены. В записи нет ссылки на исходный Facebook-пост.
2026-02-11,Звіт від команди «Козаки»: системна підтримка захисників,reports,partners,already_on_live_site,https://avku.org/reports/#report-report-2026-kozaky-team-report-feb11,apps/web/src/content/reports/report-2026-kozaky-team-report-feb11.md,,,3,images/gallery/Фото звіт 2026/633250066_1815444055821586_3990638566252941148_n.jpg | images/gallery/Фото звіт 2026/632148901_1815444092488249_593923899710871856_n.jpg | images/gallery/Фото звіт 2026/633189674_1815444132488245_2642427501183899986_n.jpg,Дата из сайта; даты события и Facebook-публикации независимо не проверены. В записи нет ссылки на исходный Facebook-пост.
2026-02-11,Тепло для рідного Рубіжного: передали 40 пар термоустілок,reports,zsu,already_on_live_site,https://avku.org/reports/#report-report-2026-rubizhne-insoles-feb11,apps/web/src/content/reports/report-2026-rubizhne-insoles-feb11.md,,,1,images/gallery/Фото звіт 2026/633245752_1815438295822162_5391827285061046962_n.jpg,Дата из сайта; даты события и Facebook-публикации независимо не проверены. В записи нет ссылки на исходный Facebook-пост.
2026-02-12,Підтримали захисників на Харківщині: допомога для 16-го армійського корпусу (в/ч 5201),news,zsu,already_on_live_site,https://avku.org/news/#2026-02-12-kharkiv-16-corps-5201,apps/web/src/content/news/2026-02-12-kharkiv-16-corps-5201.md,,,1,/images/news/1.jpg,Дата из сайта; даты события и Facebook-публикации независимо не проверены. В записи нет ссылки на исходный Facebook-пост.
2026-02-12,Допомога військовим медикам на стабілізаційному пункті,reports,zsu,already_on_live_site,https://avku.org/reports/#report-report-2026-medics-stab-point,apps/web/src/content/reports/report-2026-medics-stab-point.md,,,4,images/gallery/Фото звіт 2026/631576998_2264827080988962_188670783864890037_n.jpg | images/gallery/Фото звіт 2026/631643161_2264827114322292_1799650987494934839_n.jpg | images/gallery/Фото звіт 2026/634961941_2264827170988953_4300163737293716054_n.jpg | images/gallery/Фото звіт 2026/632752230_2264827227655614_3758920170148956694_n.jpg,Дата из сайта; даты события и Facebook-публикации независимо не проверены. В записи нет ссылки на исходный Facebook-пост.
2026-02-16,Черговий звіт від партнерів та Ростислава Кирницького,reports,zsu,already_on_live_site,https://avku.org/reports/#report-report-2026-kyrnytskyi,apps/web/src/content/reports/report-2026-kyrnytskyi.md,,,3,images/gallery/Фото звіт 2026/634938790_1819658228733502_2270975085811393702_n.jpg | images/gallery/Фото звіт 2026/635549305_1819658272066831_3405845279872929830_n.jpg | images/gallery/Фото звіт 2026/638026047_1819658415400150_4971045489315930329_n.jpg,Дата из сайта; даты события и Facebook-публикации независимо не проверены. В записи нет ссылки на исходный Facebook-пост.
2026-02-17,Допомога на Харківський напрямок: дякуємо нашим партнерам!,reports,zsu,already_on_live_site,https://avku.org/reports/#report-report-2026-kharkiv-direction-partners,apps/web/src/content/reports/report-2026-kharkiv-direction-partners.md,,,5,images/gallery/Фото звіт 2026/653713650_27050590714541660_524919523246681380_n.jpg | images/gallery/Фото звіт 2026/655234800_27050590384541693_5344369564198550190_n.jpg | images/gallery/Фото звіт 2026/653704946_27050590337875031_1466683191041132741_n.jpg | images/gallery/Фото звіт 2026/653818078_27050590237875041_6514707979920119073_n.jpg | images/gallery/Фото звіт 2026/654694169_27050590274541704_8421961286827911395_n.jpg,Дата из сайта; даты события и Facebook-публикации независимо не проверены. В записи нет ссылки на исходный Facebook-пост.
2026-02-18,Білі маскувальні сітки для медеваку,reports,zsu,already_on_live_site,https://avku.org/reports/#report-report-2026-medevac-nets,apps/web/src/content/reports/report-2026-medevac-nets.md,,,2,images/gallery/Фото звіт 2026/636973820_25746072471728435_1422682932113005877_n.jpg | images/gallery/Фото звіт 2026/633927453_25746072105061805_4437395554585740813_n.jpg,Дата из сайта; даты события и Facebook-публикации независимо не проверены. В записи нет ссылки на исходный Facebook-пост.
2026-02-19,День Державного Герба: підтримка реабілітаційного центру та фронту,reports,zsu,already_on_live_site,https://avku.org/reports/#report-report-2026-state-emblem-rehab,apps/web/src/content/reports/report-2026-state-emblem-rehab.md,,,5,images/gallery/Фото звіт 2026/639689805_887075233956921_7681676086758628756_n.jpg | images/gallery/Фото звіт 2026/639572967_887075270623584_3247089597686679741_n.jpg | images/gallery/Фото звіт 2026/639486080_887075210623590_469256907597532716_n.jpg | images/gallery/Фото звіт 2026/638134868_887075203956924_7013511685445952806_n.jpg | images/gallery/Фото звіт 2026/639860991_887075300623581_7597781125760362264_n.jpg,Дата из сайта; даты события и Facebook-публикации независимо не проверены. В записи нет ссылки на исходный Facebook-пост.
2026-02-23,Фотозвіт із Краматорського напрямку: подяка за сітки,reports,zsu,already_on_live_site,https://avku.org/reports/#report-report-2026-kramatorsk-nets,apps/web/src/content/reports/report-2026-kramatorsk-nets.md,,,3,images/gallery/Фото звіт 2026/657449278_27086286677638730_3369841952635868383_n.jpg | images/gallery/Фото звіт 2026/656935595_27086285567638841_343518914515088712_n.jpg | images/gallery/Фото звіт 2026/656636992_27086277420972989_7824015737285264022_n.jpg,Дата из сайта; даты события и Facebook-публикации независимо не проверены. В записи нет ссылки на исходный Facebook-пост.
2026-02-24,Черговий рік спільної праці заради наших захисників,reports,zsu,already_on_live_site,https://avku.org/reports/#report-report-2026-partners-thanks,apps/web/src/content/reports/report-2026-partners-thanks.md,,,4,images/gallery/Фото звіт 2026/641412884_1826360404729951_1086153865284208402_n.jpg | images/gallery/Фото звіт 2026/641528720_1826360458063279_2868280349487279793_n.jpg | images/gallery/Фото звіт 2026/643443508_1826360508063274_6002798298950638249_n.jpg | images/gallery/Фото звіт 2026/641399232_1826360574729934_5595241653720653120_n.jpg,Дата из сайта; даты события и Facebook-публикации независимо не проверены. В записи нет ссылки на исходный Facebook-пост.
2026-02-28,Підтримка 78 окремого десантно-штурмового полку «ГЕРЦЬ»,reports,zsu,already_on_live_site,https://avku.org/reports/#report-report-2026-herts-78,apps/web/src/content/reports/report-2026-herts-78.md,,,1,images/gallery/Фото звіт 2026/643601501_25746264935073143_6477448855384223191_n.jpg,Дата из сайта; даты события и Facebook-публикации независимо не проверены. В записи нет ссылки на исходный Facebook-пост.
2026-02-28,Театральний фестиваль у Ліцеї імені Леся Курбаса,reports,other,already_on_live_site,https://avku.org/reports/#report-report-2026-les-kurbas-festival,apps/web/src/content/reports/report-2026-les-kurbas-festival.md,,,7,images/gallery/Фото звіт 2026/643374945_2357329798068164_7226494335713383146_n.jpg | images/gallery/Фото звіт 2026/642870670_2357329758068168_7831437848662791654_n.jpg | images/gallery/Фото звіт 2026/643851570_2357329858068158_3427145721654736915_n.jpg | images/gallery/Фото звіт 2026/643892785_2357329821401495_4648459157960231174_n.jpg | images/gallery/Фото звіт 2026/642306477_2357329788068165_5339771819147286598_n.jpg | images/gallery/Фото звіт 2026/643932694_2357329828068161_8677922197165015428_n.jpg | images/gallery/Фото звіт 2026/642884189_2357329731401504_7858881037975161539_n.jpg,Дата из сайта; даты события и Facebook-публикации независимо не проверены. В записи нет ссылки на исходный Facebook-пост.
2026-03-01,Підтримка Захисників на Запорізькому напрямку,reports,zsu,already_on_live_site,https://avku.org/reports/#report-report-2026-zaporizhzhia-direction,apps/web/src/content/reports/report-2026-zaporizhzhia-direction.md,,,4,images/gallery/Фото звіт 2026/645038784_25757823340583969_2914382168669209053_n.jpg | images/gallery/Фото звіт 2026/644932575_25757640180602285_6659070139596854209_n.jpg | images/gallery/Фото звіт 2026/645385710_25757641123935524_2934406023751703512_n.jpg | images/gallery/Фото звіт 2026/644227637_25757822457250724_7125027054903201538_n.jpg,Дата из сайта; даты события и Facebook-публикации независимо не проверены. В записи нет ссылки на исходный Facebook-пост.
2026-03-02,Зимові відправки за підтримки партнерів та «Гуманітарної Нової пошти»,reports,humanitarian,already_on_live_site,https://avku.org/reports/#report-report-2026-winter-shipments-np,apps/web/src/content/reports/report-2026-winter-shipments-np.md,,,4,images/gallery/Фото звіт 2026/644549699_26870482455885821_6164514615156124596_n.jpg | images/gallery/Фото звіт 2026/644269953_26870482652552468_888423159649302031_n.jpg | images/gallery/Фото звіт 2026/644694002_26870482842552449_6451306144531062116_n.jpg | images/gallery/Фото звіт 2026/643922271_26870483055885761_3646715876425954424_n.jpg,Дата из сайта; даты события и Facebook-публикации независимо не проверены. В записи нет ссылки на исходный Facebook-пост.
2026-03-04,Проєкт «Дезінформація» для учнів ліцею «Еко» №198,reports,other,already_on_live_site,https://avku.org/reports/#report-report-2026-disinformation-eco,apps/web/src/content/reports/report-2026-disinformation-eco.md,,,5,images/gallery/Фото звіт 2026/646512891_907147735532153_2364505331202181294_n.jpg | images/gallery/Фото звіт 2026/646022875_907147772198816_702142976221473566_n.jpg | images/gallery/Фото звіт 2026/645126170_907147832198810_6703564950798308794_n.jpg | images/gallery/Фото звіт 2026/644934356_907147875532139_1021771578238157402_n.jpg | images/gallery/Фото звіт 2026/648078450_907188442194749_4599909133616492895_n.jpg,Дата из сайта; даты события и Facebook-публикации независимо не проверены. В записи нет ссылки на исходный Facebook-пост.
2026-03-04,"Допомога захисникам на передову: сітки, свічки, вода та інші необхідні речі",reports,zsu,already_on_live_site,https://avku.org/reports/#report-report-2026-frontline-aid-march,apps/web/src/content/reports/report-2026-frontline-aid-march.md,,,4,images/gallery/Фото звіт 2026/645533493_2281373666000970_7334956829367249676_n.jpg | images/gallery/Фото звіт 2026/646288829_2281373739334296_7006511241981105407_n.jpg | images/gallery/Фото звіт 2026/645718352_2281373789334291_2568752628726168539_n.jpg | images/gallery/Фото звіт 2026/646856681_2281373826000954_9084279699548664139_n.jpg,Дата из сайта; даты события и Facebook-публикации независимо не проверены. В записи нет ссылки на исходный Facebook-пост.
2026-03-04,Чемпіонат України з кемпо в Ірпені: виховуємо покоління переможців!,reports,other,already_on_live_site,https://avku.org/reports/#report-report-2026-kempo-championship-irpin,apps/web/src/content/reports/report-2026-kempo-championship-irpin.md,,,8,images/gallery/Фото звіт 2026/647599541_2361088567692287_8075947630332124490_n.jpg | images/gallery/Фото звіт 2026/646290875_2361088501025627_8794873191981113522_n.jpg | images/gallery/Фото звіт 2026/646939191_2361088511025626_8262899049431747017_n.jpg | images/gallery/Фото звіт 2026/646285135_2361088531025624_684167610572753836_n.jpg | images/gallery/Фото звіт 2026/646369993_2361088601025617_5469631022843552773_n.jpg | images/gallery/Фото звіт 2026/645385789_2361088524358958_3112595000783433489_n.jpg | images/gallery/Фото звіт 2026/643845802_2361088557692288_6844109299801773862_n.jpg | images/gallery/Фото звіт 2026/645419814_2361088117692332_5114848757728074367_n.jpg,Дата из сайта; даты события и Facebook-публикации независимо не проверены. В записи нет ссылки на исходный Facebook-пост.
2026-03-05,Підписання Меморандуму про співпрацю з Ліцеєм «Еко» №198,reports,other,already_on_live_site,https://avku.org/reports/#report-report-2026-eco-lyceum-198,apps/web/src/content/reports/report-2026-eco-lyceum-198.md,,,7,images/gallery/Фото звіт 2026/646362619_2361749660959511_6203372133645768567_n.jpg | images/gallery/Фото звіт 2026/647250025_2361749717626172_2470319109071084536_n.jpg | images/gallery/Фото звіт 2026/646362444_2361749700959507_5343063802575263380_n.jpg | images/gallery/Фото звіт 2026/646368994_2361749720959505_7916144889655016771_n.jpg | images/gallery/Фото звіт 2026/644247215_2361749694292841_8953151519835289634_n.jpg | images/gallery/Фото звіт 2026/646302601_2361749740959503_7310542273621406115_n.jpg | images/gallery/Фото звіт 2026/646385259_2361749654292845_4108009766575621449_n.jpg,Дата из сайта; даты события и Facebook-публикации независимо не проверены. В записи нет ссылки на исходный Facebook-пост.
2026-03-05,Черговий звіт від партнерів: разом до перемоги!,reports,partners,already_on_live_site,https://avku.org/reports/#report-report-2026-partners-kyrnytskyi,apps/web/src/content/reports/report-2026-partners-kyrnytskyi.md,,,2,images/gallery/Фото звіт 2026/648276888_1833280507371274_6235761740225984157_n.jpg | images/gallery/Фото звіт 2026/648138410_1833280604037931_9103243303504854038_n.jpg,Дата из сайта; даты события и Facebook-публикации независимо не проверены. В записи нет ссылки на исходный Facebook-пост.
2026-03-05,Евакуаційний автомобіль і допомога захисникам на запорізькому напрямку,reports,zsu,already_on_live_site,https://avku.org/reports/#report-report-2026-zaporizhzhia-117-241,apps/web/src/content/reports/report-2026-zaporizhzhia-117-241.md,,,8,images/gallery/Фото звіт 2026/645294619_25791383610561275_5122485311973509358_n.jpg | images/gallery/Фото звіт 2026/646502564_25791384050561231_2347674193749296620_n.jpg | images/gallery/Фото звіт 2026/646880364_25791384327227870_2605654592884083189_n.jpg | images/gallery/Фото звіт 2026/647003065_25791384610561175_8215335843708108624_n.jpg | images/gallery/Фото звіт 2026/647735161_25791384830561153_1055640813598495148_n.jpg | images/gallery/Фото звіт 2026/646367654_25791385153894454_3294290552721908913_n.jpg | images/gallery/Фото звіт 2026/648395037_25791385470561089_8968086828927495360_n.jpg | images/gallery/Фото звіт 2026/648045401_25791385780561058_5865757577488220854_n.jpg,Дата из сайта; даты события и Facebook-публикации независимо не проверены. В записи нет ссылки на исходный Facebook-пост.
2026-03-07,Допомога 116-й ОМБр на Куп’янському напрямку,reports,zsu,already_on_live_site,https://avku.org/reports/#report-report-2026-kupyansk-116-ombr,apps/web/src/content/reports/report-2026-kupyansk-116-ombr.md,,,1,images/gallery/Фото звіт 2026/647258343_2363360724131738_9068682014165517970_n.jpg,Дата из сайта; даты события и Facebook-публикации независимо не проверены. В записи нет ссылки на исходный Facebook-пост.
2026-03-07,Щомісячна підтримка поранених: допомога військовому шпиталю,reports,other,already_on_live_site,https://avku.org/reports/#report-report-2026-military-hospital-aid,apps/web/src/content/reports/report-2026-military-hospital-aid.md,,,4,images/gallery/Фото звіт 2026/646355836_26924664347134298_6307257605849829584_n.jpg | images/gallery/Фото звіт 2026/648892918_26924664790467587_6275421032833778611_n.jpg | images/gallery/Фото звіт 2026/648316598_26924665283800871_8383611229254288991_n.jpg | images/gallery/Фото звіт 2026/646154099_26924666207134112_436984830713009526_n.jpg,Дата из сайта; даты события и Facebook-публикации независимо не проверены. В записи нет ссылки на исходный Facebook-пост.
2026-03-10,Черговий звіт із Запоріжжя: дякуємо нашим партнерам!,reports,other,already_on_live_site,https://avku.org/reports/#report-report-2026-zaporizhzhia-inna-luyenko,apps/web/src/content/reports/report-2026-zaporizhzhia-inna-luyenko.md,,,1,images/gallery/Фото звіт 2026/649701888_1836481017051223_7965796166148265637_n.jpg,Дата из сайта; даты события и Facebook-публикации независимо не проверены. В записи нет ссылки на исходный Facebook-пост.
2026-03-11,Смачна підтримка для військових від «Святошин двір»,reports,zsu,already_on_live_site,https://avku.org/reports/#report-report-2026-sviatoshyn-dvir,apps/web/src/content/reports/report-2026-sviatoshyn-dvir.md,,,5,images/gallery/Фото звіт 2026/649259389_902633232401121_5820138929568735268_n.jpg | images/gallery/Фото звіт 2026/650836948_902634622400982_807751550055181913_n.jpg | images/gallery/Фото звіт 2026/650784640_902633305734447_5745500134444746678_n.jpg | images/gallery/Фото звіт 2026/651042302_902634632400981_6612453200139061665_n.jpg | images/gallery/Фото звіт 2026/650835150_902634652400979_5449302428029344061_n.jpg,Дата из сайта; даты события и Facebook-публикации независимо не проверены. В записи нет ссылки на исходный Facebook-пост.
2026-03-12,Захист для наших героїв: 12 маскувальних сіток на Харківський напрямок,reports,zsu,already_on_live_site,https://avku.org/reports/#report-report-2026-nets-kharkiv-direction,apps/web/src/content/reports/report-2026-nets-kharkiv-direction.md,,,5,images/gallery/Фото звіт 2026/651005507_2288002848671385_8446588622405574831_n.jpg | images/gallery/Фото звіт 2026/649662391_2288003095338027_1912858174192542194_n.jpg | images/gallery/Фото звіт 2026/650065990_2288003342004669_6584359422767762292_n.jpg | images/gallery/Фото звіт 2026/649608209_2288003492004654_7364773999734513500_n.jpg | images/gallery/Фото звіт 2026/651028533_2288002768671393_1004979076710317478_n.jpg,Дата из сайта; даты события и Facebook-публикации независимо не проверены. В записи нет ссылки на исходный Facebook-пост.
2026-03-15,Підтримка 61-ї Степової ОМБр від «Борщагівських Кікімор»,reports,zsu,already_on_live_site,https://avku.org/reports/#report-report-2026-03-15-61-ombr,apps/web/src/content/reports/report-2026-03-15-61-ombr.md,,,1,images/gallery/Фото звіт 2026/651275746_3486224101536826_5918154858102612995_n.jpg,Дата из сайта; даты события и Facebook-публикации независимо не проверены. В записи нет ссылки на исходный Facebook-пост.
2026-03-17,Весняне маскування для фронту: терміновий збір на спанбонд,reports,zsu,already_on_live_site,https://avku.org/reports/#report-report-2026-spring-camouflage-nets,apps/web/src/content/reports/report-2026-spring-camouflage-nets.md,,,4,images/gallery/Фото звіт 2026/651758670_4468886373358353_5381715386986026843_n.jpg | images/gallery/Фото звіт 2026/653569993_4468893400024317_717424181423843350_n.jpg | images/gallery/Фото звіт 2026/653704709_4468893436690980_2311054447754379481_n.jpg | images/gallery/Фото звіт 2026/654213787_4468893496690974_6329385626379192585_n.jpg,Дата из сайта; даты события и Facebook-публикации независимо не проверены. В записи нет ссылки на исходный Facebook-пост.
2026-03-18,"Підтримка Захисників: маскувальні сітки, смаколики та обереги вирушили на фронт",reports,zsu,already_on_live_site,https://avku.org/reports/#report-report-2026-camo-nets-zaporizhzhia-khmelnytskyi,apps/web/src/content/reports/report-2026-camo-nets-zaporizhzhia-khmelnytskyi.md,,,9,images/gallery/Фото звіт 2026/653712941_2292742674864069_5819731530028908802_n.jpg | images/gallery/Фото звіт 2026/652457060_2292742758197394_3251816903360409108_n.jpg | images/gallery/Фото звіт 2026/653533280_2292742894864047_1587818877880942547_n.jpg | images/gallery/Фото звіт 2026/654207732_2292743184864018_9217291556511841354_n.jpg | images/gallery/Фото звіт 2026/652542691_2292743408197329_3716226076805405332_n.jpg | images/gallery/Фото звіт 2026/653708724_2292743524863984_7212495846343596201_n.jpg | images/gallery/Фото звіт 2026/654266109_2292743644863972_362645349735805019_n.jpg | images/gallery/Фото звіт 2026/653925197_2292743844863952_4374854893775700560_n.jpg | images/gallery/Фото звіт 2026/651901696_2292743998197270_9032687009526907400_n.jpg,Дата из сайта; даты события и Facebook-публикации независимо не проверены. В записи нет ссылки на исходный Facebook-пост.
2026-03-19,Прапор вдячності від воїнів 131 батальйону,reports,zsu,already_on_live_site,https://avku.org/reports/#report-report-2026-school-131-flag-131,apps/web/src/content/reports/report-2026-school-131-flag-131.md,,,2,images/gallery/Фото звіт 2026/655057562_2373616173106193_5121334402701904064_n.jpg | images/gallery/Фото звіт 2026/652658750_2373616193106191_8886667768718255915_n.jpg,Дата из сайта; даты события и Facebook-публикации независимо не проверены. В записи нет ссылки на исходный Facebook-пост.
2026-03-21,Ще одна весна завдяки нашим захисникам,reports,zsu,already_on_live_site,https://avku.org/reports/#report-report-2026-partners-thanks-2103,apps/web/src/content/reports/report-2026-partners-thanks-2103.md,,,2,images/gallery/Фото звіт 2026/656895773_1844639846235340_4491166000934997060_n.jpg | images/gallery/Фото звіт 2026/655016891_1844639799568678_6229163737746689567_n.jpg,Дата из сайта; даты события и Facebook-публикации независимо не проверены. В записи нет ссылки на исходный Facebook-пост.
2026-03-23,Чергову допомогу відправлено захисникам на схід,reports,zsu,already_on_live_site,https://avku.org/reports/#report-report-2026-zsu-east-323,apps/web/src/content/reports/report-2026-zsu-east-323.md,,,3,images/gallery/Фото звіт 2026/657336004_18095449652088502_2885796647398615302_n.jpg | images/gallery/Фото звіт 2026/657284568_18095449643088502_2354522850050034435_n.jpg | images/gallery/Фото звіт 2026/657461021_18095449661088502_1644434197217416581_n.jpg,Дата из сайта; даты события и Facebook-публикации независимо не проверены. В записи нет ссылки на исходный Facebook-пост.
2026-03-24,Зворотний зв’язок із передової: допомогу доставлено,reports,zsu,already_on_live_site,https://avku.org/reports/#report-report-2026-frontline-feedback-324,apps/web/src/content/reports/report-2026-frontline-feedback-324.md,,,1,images/gallery/Фото звіт 2026/657385567_2298104440994559_2194534094102980403_n.jpg,Дата из сайта; даты события и Facebook-публикации независимо не проверены. В записи нет ссылки на исходный Facebook-пост.
2026-03-24,"SVIY DVIZH — молодь, що надихає й підтримує ЗСУ",reports,zsu,already_on_live_site,https://avku.org/reports/#report-report-2026-sviy-dvizh-001,apps/web/src/content/reports/report-2026-sviy-dvizh-001.md,,,7,images/gallery/Фото звіт 2026/657164599_2378124655988678_6958044693094812798_n.jpg | images/gallery/Фото звіт 2026/657599852_2378124739322003_3484077838535854762_n.jpg | images/gallery/Фото звіт 2026/656002331_2378124699322007_2377728995698651570_n.jpg | images/gallery/Фото звіт 2026/658147296_2378124665988677_7095090680548011944_n.jpg | images/gallery/Фото звіт 2026/657955930_2378124705988673_4063204750249449759_n.jpg | images/gallery/Фото звіт 2026/657156682_2378124742655336_7503413907989477576_n.jpg | images/gallery/Фото звіт 2026/657311937_2378124772655333_4135495577809213557_n.jpg,Дата из сайта; даты события и Facebook-публикации независимо не проверены. В записи нет ссылки на исходный Facebook-пост.
2026-03-30,Захист у кожній петлі: весняні сітки від «Святошинських маскувальних сіточок»,reports,zsu,already_on_live_site,https://avku.org/reports/#report-report-2026-svyatoshyn-nets-03-30,apps/web/src/content/reports/report-2026-svyatoshyn-nets-03-30.md,,,10,images/gallery/Фото звіт 2026/658128109_4482813108632346_9176023895264441690_n.jpg | images/gallery/Фото звіт 2026/658136390_4482813558632301_8901643559767830174_n.jpg | images/gallery/Фото звіт 2026/659911110_4482813518632305_2018201264372935905_n.jpg | images/gallery/Фото звіт 2026/658810326_4482813471965643_4837312539687258103_n.jpg | images/gallery/Фото звіт 2026/662231006_4482813408632316_6477727885740062893_n.jpg | images/gallery/Фото звіт 2026/659885785_4482813378632319_7092205513004846380_n.jpg | images/gallery/Фото звіт 2026/657479180_4482813328632324_2560633810043067235_n.jpg | images/gallery/Фото звіт 2026/660301691_4482813281965662_7729591428632257714_n.jpg | images/gallery/Фото звіт 2026/659809861_4482813238632333_4634258314462632859_n.jpg | images/gallery/Фото звіт 2026/659799683_4482813165299007_8905087576988374720_n.jpg,Дата из сайта; даты события и Facebook-публикации независимо не проверены. В записи нет ссылки на исходный Facebook-пост.
2026-04-03,Святошинські маскувальні сіточки: щоденна праця заради життів,reports,other,already_on_live_site,https://avku.org/reports/#report-report-2026-sviatoshyn-nets,apps/web/src/content/reports/report-2026-sviatoshyn-nets.md,,,8,images/gallery/Фото звіт 2026/661719998_27218762774391119_2381385496761154006_n.jpg | images/gallery/Фото звіт 2026/661594334_27218767294390667_9119681908712428362_n.jpg | images/gallery/Фото звіт 2026/660494534_27218766461057417_3469982442541737631_n.jpg | images/gallery/Фото звіт 2026/661342572_27218765891057474_1311042685484094231_n.jpg | images/gallery/Фото звіт 2026/660291584_27218765294390867_8303762117784128962_n.jpg | images/gallery/Фото звіт 2026/662412980_27218764741057589_1227435242134451350_n.jpg | images/gallery/Фото звіт 2026/660063293_27218764021057661_2222194468242819678_n.jpg | images/gallery/Фото звіт 2026/660489207_27218763401057723_7923028196729384577_n.jpg,Дата из сайта; даты события и Facebook-публикации независимо не проверены. В записи нет ссылки на исходный Facebook-пост.
2026-04-05,Чергова маскувальна сітка для козаків на запорізькому напрямку,reports,zsu,already_on_live_site,https://avku.org/reports/#report-report-2026-camo-net-zaporizhzhia,apps/web/src/content/reports/report-2026-camo-net-zaporizhzhia.md,,,1,images/gallery/Фото звіт 2026/667626847_1856842718348386_2066197630267724586_n.jpg,Дата из сайта; даты события и Facebook-публикации независимо не проверены. В записи нет ссылки на исходный Facebook-пост.
2026-04-07,Допомога стабілізаційним пунктам для поранених військових,reports,zsu,already_on_live_site,https://avku.org/reports/#report-report-2026-stab-punkty-voronetskyi,apps/web/src/content/reports/report-2026-stab-punkty-voronetskyi.md,,,3,images/gallery/Фото звіт 2026/663120540_2309680866503583_863928564430279201_n.jpg | images/gallery/Фото звіт 2026/666774452_2309680719836931_1866861519671982310_n.jpg | images/gallery/Фото звіт 2026/666035869_2309680786503591_5875526067651436493_n.jpg,Дата из сайта; даты события и Facebook-публикации независимо не проверены. В записи нет ссылки на исходный Facebook-пост.
2026-04-08,Великодній майстер-клас та підтримка для 112-ї ТРО,reports,zsu,already_on_live_site,https://avku.org/reports/#report-report-2026-easter-masterclass-112-tro,apps/web/src/content/reports/report-2026-easter-masterclass-112-tro.md,,,12,images/gallery/Фото звіт 2026/666726958_122121876435099410_388930720075652302_n.jpg | images/gallery/Фото звіт 2026/666760071_122121876345099410_1790486294550953228_n.jpg | images/gallery/Фото звіт 2026/666726963_122121876489099410_3968172611706795905_n.jpg | images/gallery/Фото звіт 2026/666305910_122121876585099410_6173363129402189347_n.jpg | images/gallery/Фото звіт 2026/667932334_122121876669099410_7491060453124179562_n.jpg | images/gallery/Фото звіт 2026/666804828_122121876735099410_7603278147269903298_n.jpg | images/gallery/Фото звіт 2026/668890809_122121876813099410_8706777303642790913_n.jpg | images/gallery/Фото звіт 2026/669160658_122121876873099410_6653308822481485029_n.jpg | images/gallery/Фото звіт 2026/668753606_122121877083099410_20354370346713427_n.jpg | images/gallery/Фото звіт 2026/665921065_122121876993099410_4680742944080870944_n.jpg | images/gallery/Фото звіт 2026/667333258_122121877209099410_3627665889021943483_n.jpg | images/gallery/Фото звіт 2026/667477344_122121877323099410_3112086693561007510_n.jpg,Дата из сайта; даты события и Facebook-публикации независимо не проверены. В записи нет ссылки на исходный Facebook-пост.
2026-04-14,Тепло та підтримка від Ліцею №253 для 59-ї бригади,reports,zsu,already_on_live_site,https://avku.org/reports/#report-report-2026-lyceum-253-59-brigade,apps/web/src/content/reports/report-2026-lyceum-253-59-brigade.md,,,2,images/gallery/Фото звіт 2026/672023656_2315180452620291_3559084428396797103_n.jpg | images/gallery/Фото звіт 2026/670896313_2315180509286952_4660920615422553500_n.jpg,Дата из сайта; даты события и Facebook-публикации независимо не проверены. В записи нет ссылки на исходный Facebook-пост.
2026-04-17,«Великодній кошик»: єдність та підтримка наших захисників,reports,zsu,already_on_live_site,https://avku.org/reports/#report-report-2026-easter-basket-eco-198,apps/web/src/content/reports/report-2026-easter-basket-eco-198.md,,,12,images/gallery/Фото звіт 2026/672195827_942526118660981_4639392521103867327_n.jpg | images/gallery/Фото звіт 2026/672686988_942526178660975_9199698931586590000_n.jpg | images/gallery/Фото звіт 2026/674898696_942526211994305_1699572521606974867_n.jpg | images/gallery/Фото звіт 2026/672138559_942526245327635_1688979307982903371_n.jpg | images/gallery/Фото звіт 2026/675136178_942526285327631_3864566323033553195_n.jpg | images/gallery/Фото звіт 2026/672682278_942526335327626_9003887031765357562_n.jpg | images/gallery/Фото звіт 2026/673669928_942526388660954_1781210169576889456_n.jpg | images/gallery/Фото звіт 2026/672079074_942526435327616_3430498296172730108_n.jpg | images/gallery/Фото звіт 2026/673138804_942728018640791_5933156394877482189_n.jpg | images/gallery/Фото звіт 2026/672156712_942728125307447_1046674551739453907_n.jpg | images/gallery/Фото звіт 2026/673964463_942526021994324_1523908584156487099_n.jpg | images/gallery/Фото звіт 2026/672030416_942526068660986_6649552942517648461_n.jpg,Дата из сайта; даты события и Facebook-публикации независимо не проверены. В записи нет ссылки на исходный Facebook-пост.
2026-04-17,Маскувальні сітки та допомога на Харківський напрямок,reports,zsu,already_on_live_site,https://avku.org/reports/#report-report-2026-kharkiv-direction,apps/web/src/content/reports/report-2026-kharkiv-direction.md,,,2,images/gallery/Фото звіт 2026/672688867_2318098798995123_6044348791018013588_n.jpg | images/gallery/Фото звіт 2026/674911441_2318098838995119_5978444664423097024_n.jpg,Дата из сайта; даты события и Facebook-публикации независимо не проверены. В записи нет ссылки на исходный Facebook-пост.
2026-04-18,Працюємо далі задля нашої країни 🩵💛,reports,other,already_on_live_site,https://avku.org/reports/#report-report-2026-partners-april-18,apps/web/src/content/reports/report-2026-partners-april-18.md,,,4,images/gallery/Фото звіт 2026/674873602_1866300190735972_5102660765733079389_n.jpg | images/gallery/Фото звіт 2026/673441772_1866300064069318_2319865687442901207_n.jpg | images/gallery/Фото звіт 2026/674290195_1866300100735981_5946177253901421162_n.jpg | images/gallery/Фото звіт 2026/673081746_1866300130735978_2420637743222232201_n.jpg,Дата из сайта; даты события и Facebook-публикации независимо не проверены. В записи нет ссылки на исходный Facebook-пост.
2026-04-18,День вдячності волонтерам у Голосіївському районі,reports,other,already_on_live_site,https://avku.org/reports/#report-report-2026-volunteer-gratitude,apps/web/src/content/reports/report-2026-volunteer-gratitude.md,,,8,images/gallery/Фото звіт 2026/672688222_2399249377209539_8727543777020949384_n.jpg | images/gallery/Фото звіт 2026/673276471_2399249480542862_2221216767367590479_n.jpg | images/gallery/Фото звіт 2026/672633150_2399249470542863_5130844409336776002_n.jpg | images/gallery/Фото звіт 2026/672685934_2399249503876193_3093162469357686746_n.jpg | images/gallery/Фото звіт 2026/672685735_2399249453876198_5480025903728963008_n.jpg | images/gallery/Фото звіт 2026/671721077_2399249517209525_5437076454229884857_n.jpg | images/gallery/Фото звіт 2026/674254470_2399249447209532_3282274321487115192_n.jpg | images/gallery/Фото звіт 2026/672685964_2399249413876202_1577094036259488281_n.jpg,Дата из сайта; даты события и Facebook-публикации независимо не проверены. В записи нет ссылки на исходный Facebook-пост.
2026-04-19,Допомога захисникам на східному напрямку,reports,zsu,already_on_live_site,https://avku.org/reports/#report-report-2026-east-support,apps/web/src/content/reports/report-2026-east-support.md,,,1,images/gallery/Фото звіт 2026/674222213_2400172417117235_8568876882940254947_n.jpg,Дата из сайта; даты события и Facebook-публикации независимо не проверены. В записи нет ссылки на исходный Facebook-пост.
2026-05-15,Передали EcoFlow для 34-ї окремої бригади морської піхоти,news,zsu,already_on_live_site,https://avku.org/news/#2026-05-15-34-marine-brigade-ecoflow,apps/web/src/content/news/2026-05-15-34-marine-brigade-ecoflow.md,,,1,/images/news/3.png,Дата из сайта; даты события и Facebook-публикации независимо не проверены. В записи нет ссылки на исходный Facebook-пост.
2026-06-07,Збір на автомобіль для бойового медика 25-ї Січеславської бригади завершено,reports,zsu,already_on_live_site,https://avku.org/reports/#report-report-2026-medevac-car-25-brigade,apps/web/src/content/reports/report-2026-medevac-car-25-brigade.md,https://www.facebook.com/bogdan.kolodiy.go/posts/pfbid02cumMc96TYxh8HBeeijZJAXCFak7T1mCLxg5JW4nKYB8cU76Fb3vmSaX5hrgKM5nel,,1,/images/reports/2026-06/07-medevac-car-fundraiser.jpg,Дата из сайта; даты события и Facebook-публикации независимо не проверены.
2026-06-14,АВКУ долучилася до благодійного ярмарку на підтримку батальйону «Свобода»,news,events,already_on_live_site,https://avku.org/news/#2026-06-14-solomianskyi-charity-fair,apps/web/src/content/news/2026-06-14-solomianskyi-charity-fair.md,https://www.facebook.com/bogdan.kolodiy.go/posts/pfbid0o883QdgCTZzMrPVv6taheibGGHCFEu3JbfWczKrQoJT46Ykd8VyGTVgKg7FtgwNPl,,1,/images/news/2026-06-14-solomianskyi-charity-fair.jpg,Дата из сайта; даты события и Facebook-публикации независимо не проверены. Тот же Facebook-источник используется в новости и отчёте; повторно не добавлять.
2026-06-14,Благодійний ярмарок на FPV-дрони для батальйону «Свобода»,reports,zsu,already_on_live_site,https://avku.org/reports/#report-report-2026-solomianskyi-charity-fair,apps/web/src/content/reports/report-2026-solomianskyi-charity-fair.md,https://www.facebook.com/bogdan.kolodiy.go/posts/pfbid0o883QdgCTZzMrPVv6taheibGGHCFEu3JbfWczKrQoJT46Ykd8VyGTVgKg7FtgwNPl,,2,/images/reports/2026-06/14-charity-fair-1.jpg | /images/reports/2026-06/14-charity-fair-2.jpg,Дата из сайта; даты события и Facebook-публикации независимо не проверены. Тот же Facebook-источник используется в новости и отчёте; повторно не добавлять.
2026-06-17,Шість маскувальних сіток відправили двом підрозділам,reports,zsu,already_on_live_site,https://avku.org/reports/#report-report-2026-06-17-group-2112293029642900,apps/web/src/content/reports/report-2026-06-17-group-2112293029642900.md,https://www.facebook.com/groups/555103805361838/permalink/2112293029642900/,https://www.facebook.com/lubov.pletn.ova.2025/posts/pfbid02iuxbctAXA8hRQ65ayc1RuBwNYDw1fByKTi7ocCEEVWVokd6jBSdscrvrxDEKGdhFl | https://www.facebook.com/photo/?fbid=2370885773716425 | https://www.facebook.com/photo/?fbid=2370885833716419 | https://www.facebook.com/photo/?fbid=2370885887049747 | https://www.facebook.com/photo/?fbid=2370885940383075 | https://www.facebook.com/sergij.kozlov.809611,4,/images/reports/2026-06/17-group-2112293029642900-2370885773716425.jpg | /images/reports/2026-06/17-group-2112293029642900-2370885833716419.jpg | /images/reports/2026-06/17-group-2112293029642900-2370885887049747.jpg | /images/reports/2026-06/17-group-2112293029642900-2370885940383075.jpg,Дата из сайта; даты события и Facebook-публикации независимо не проверены.
2026-06-20,АВКУ обговорила з керівництвом КПБА волонтерську та духовну підтримку воїнів,news,partnerships,already_on_live_site,https://avku.org/news/#2026-06-20-kpba-volunteer-support,apps/web/src/content/news/2026-06-20-kpba-volunteer-support.md,https://www.facebook.com/bogdan.kolodiy.go/posts/pfbid0Pn4KePh9aDe9esCucuHGSDdyg2haEXEwpPAw6LsAJf1sDBwqgmus2J8Yxmzt9FQvl,,4,/images/reports/2026-06/20-kpba-meeting-4.jpg | /images/reports/2026-06/20-kpba-meeting-1.jpg | /images/reports/2026-06/20-kpba-meeting-2.jpg | /images/reports/2026-06/20-kpba-meeting-3.jpg,Дата из сайта; даты события и Facebook-публикации независимо не проверены.
2026-06-22,«Біличанські Котики» прозвітували про допомогу різним підрозділам,reports,zsu,already_on_live_site,https://avku.org/reports/#report-report-2026-06-22-group-2116502639221939,apps/web/src/content/reports/report-2026-06-22-group-2116502639221939.md,https://www.facebook.com/groups/555103805361838/permalink/2116502639221939/,https://www.facebook.com/groups/1253215151905288/permalink/2131999377360190/ | https://www.facebook.com/photo/?fbid=1916869699012354 | https://www.facebook.com/photo/?fbid=1916869745679016 | https://www.facebook.com/photo/?fbid=1916869789012345 | https://www.facebook.com/photo/?fbid=1916869829012341 | https://www.facebook.com/photo/?fbid=1916869889012335 | https://www.facebook.com/photo/?fbid=1916869925678998 | https://www.facebook.com/photo/?fbid=1916869952345662 | https://www.facebook.com/photo/?fbid=1916869985678992 | https://www.facebook.com/photo/?fbid=1916870025678988 | https://www.facebook.com/sergij.kozlov.809611,9,/images/reports/2026-06/22-group-2116502639221939-1916869699012354.jpg | /images/reports/2026-06/22-group-2116502639221939-1916869745679016.jpg | /images/reports/2026-06/22-group-2116502639221939-1916869789012345.jpg | /images/reports/2026-06/22-group-2116502639221939-1916869829012341.jpg | /images/reports/2026-06/22-group-2116502639221939-1916869889012335.jpg | /images/reports/2026-06/22-group-2116502639221939-1916869925678998.jpg | /images/reports/2026-06/22-group-2116502639221939-1916869952345662.jpg | /images/reports/2026-06/22-group-2116502639221939-1916869985678992.jpg | /images/reports/2026-06/22-group-2116502639221939-1916870025678988.jpg,Дата из сайта; даты события и Facebook-публикации независимо не проверены.
2026-06-24,Захисники підтвердили отримання маскувальних сіток,reports,zsu,already_on_live_site,https://avku.org/reports/#report-report-2026-06-24-group-2118197825719087,apps/web/src/content/reports/report-2026-06-24-group-2118197825719087.md,https://www.facebook.com/groups/555103805361838/permalink/2118197825719087/,https://www.facebook.com/lubov.pletn.ova.2025/posts/pfbid0hfE698QnJKbvrNyKQfxWbE7Kx5TjH3tT5ERcE3CsC3CQR1BMW4JT7a1c7vRHtKpil | https://www.facebook.com/photo/?fbid=2377047953100207 | https://www.facebook.com/sergij.kozlov.809611,1,/images/reports/2026-06/24-group-2118197825719087-2377047953100207.jpg,Дата из сайта; даты события и Facebook-публикации независимо не проверены.
2026-06-25,Допомогу передали 225-му окремому штурмовому полку на Запорізький напрямок,news,zsu,already_on_live_site,https://avku.org/news/#2026-06-25-225-assault-regiment-aid,apps/web/src/content/news/2026-06-25-225-assault-regiment-aid.md,https://www.facebook.com/bogdan.kolodiy.go/posts/pfbid02aYr7mPzXWCz9f37EJagyMWxHyvNsfBJDtYfkQAzzXAGF5qXMfKFTa3L4Jo5C8dcUl,https://www.facebook.com/bogdan.kolodiy.go/videos/1060973782919424/ | https://www.facebook.com/bogdan.kolodiy.go/videos/3029463660580264/ | https://www.facebook.com/bogdan.kolodiy.go/videos/940992139017494/,9,/images/reports/2026-06/25-225-assault-regiment-1.jpg | /images/reports/2026-06/25-225-assault-regiment-2.jpg | /images/reports/2026-06/25-225-assault-regiment-3.jpg | /images/reports/2026-06/25-225-assault-regiment-4.jpg | /images/reports/2026-06/25-225-assault-regiment-5.jpg | /images/reports/2026-06/25-225-assault-regiment-6.jpg | /videos/reports/2026/1060973782919424.mp4 | /videos/reports/2026/3029463660580264.mp4 | /videos/reports/2026/940992139017494.mp4,Дата из сайта; даты события и Facebook-публикации независимо не проверены.
2026-06-26,23-й окремий розвідувальний батальйон подякував волонтерам,reports,zsu,already_on_live_site,https://avku.org/reports/#report-report-2026-06-26-group-2120204012185135,apps/web/src/content/reports/report-2026-06-26-group-2120204012185135.md,https://www.facebook.com/groups/555103805361838/permalink/2120204012185135/,https://www.facebook.com/reel/2053958798565965/ | https://www.facebook.com/sergij.kozlov.809611,1,/videos/reports/2026/2053958798565965.mp4,Дата из сайта; даты события и Facebook-публикации независимо не проверены.
2026-06-28,Волонтери придбали матеріали для нових маскувальних сіток,reports,zsu,already_on_live_site,https://avku.org/reports/#report-report-2026-06-28-group-2121457205393149,apps/web/src/content/reports/report-2026-06-28-group-2121457205393149.md,https://www.facebook.com/groups/555103805361838/permalink/2121457205393149/,https://www.facebook.com/100007111036669/videos/pcb.2271738736966538/905695952544246 | https://www.facebook.com/groups/1206167250190364/permalink/2271738736966538/ | https://www.facebook.com/photo/?fbid=4578421472404842 | https://www.facebook.com/photo/?fbid=4578421529071503 | https://www.facebook.com/photo/?fbid=4578421579071498 | https://www.facebook.com/photo/?fbid=4578421622404827 | https://www.facebook.com/photo/?fbid=4578421679071488 | https://www.facebook.com/photo/?fbid=4578421715738151 | https://www.facebook.com/sergij.kozlov.809611,7,/images/reports/2026-06/28-group-2121457205393149-4578421472404842.jpg | /images/reports/2026-06/28-group-2121457205393149-4578421529071503.jpg | /images/reports/2026-06/28-group-2121457205393149-4578421579071498.jpg | /images/reports/2026-06/28-group-2121457205393149-4578421622404827.jpg | /images/reports/2026-06/28-group-2121457205393149-4578421679071488.jpg | /images/reports/2026-06/28-group-2121457205393149-4578421715738151.jpg | /videos/reports/2026/905695952544246.mp4,Дата из сайта; даты события и Facebook-публикации независимо не проверены.
2026-06-30,Допомога дійшла до захисників: звіт громади Борисо-Глібського храму,news,humanitarian,already_on_live_site,https://avku.org/news/#2026-06-30-vyshhorod-aid-feedback,apps/web/src/content/news/2026-06-30-vyshhorod-aid-feedback.md,https://www.facebook.com/bogdan.kolodiy.go/posts/pfbid02EnFVhb2iYvd83jfQZaBU6yPJ2YCFJmjG3PRBfy3SPmSnTYq6afAokZ4nJXJmE7a7l,https://www.facebook.com/permalink.php?story_fbid=pfbid0xpuwCPAJUZEXGShDKxTdhoqqKXM8ZQoniqs1UG4GewCwx3ZB7RWv8D4itZnhPc9ql&id=61551103164056):,4,/images/reports/2026-06/30-vyshhorod-aid-feedback-1.jpg | /images/reports/2026-06/30-vyshhorod-aid-feedback-2.jpg | /images/reports/2026-06/30-vyshhorod-aid-feedback-3.jpg | /images/reports/2026-06/30-vyshhorod-aid-feedback-4.jpg,Дата из сайта; даты события и Facebook-публикации независимо не проверены.
2026-06-30,Бійці 25-ї бригади подякували за шапки та подушки,reports,humanitarian,already_on_live_site,https://avku.org/reports/#report-report-2026-06-30-group-2123599618512241,apps/web/src/content/reports/report-2026-06-30-group-2123599618512241.md,https://www.facebook.com/groups/555103805361838/permalink/2123599618512241/,https://www.facebook.com/alena.zagorodnaa.247064/posts/pfbid0JmzhUsUdyxthG5c5YBvy6oemhyZ7PUEcXyfcKVF2R6DCHdaNc4WywmNAhqvhDfmul | https://www.facebook.com/photo/?fbid=1816388513100819 | https://www.facebook.com/sergij.kozlov.809611,1,/images/reports/2026-06/30-group-2123599618512241-1816388513100819.jpg,Дата из сайта; даты события и Facebook-публикации независимо не проверены.
2026-07-01,Двадцять маскувальних сіток відправили трьом бригадам,reports,zsu,already_on_live_site,https://avku.org/reports/#report-report-2026-07-01-group-2124465088425694,apps/web/src/content/reports/report-2026-07-01-group-2124465088425694.md,https://www.facebook.com/groups/555103805361838/permalink/2124465088425694/,https://www.facebook.com/reel/1178399174443953/ | https://www.facebook.com/sergij.kozlov.809611,1,/videos/reports/2026/1178399174443953.mp4,Дата из сайта; даты события и Facebook-публикации независимо не проверены.
2026-07-05,Маскувальні сітки доставили захисникам за призначенням,reports,zsu,already_on_live_site,https://avku.org/reports/#report-report-2026-07-05-group-2127511431454393,apps/web/src/content/reports/report-2026-07-05-group-2127511431454393.md,https://www.facebook.com/groups/555103805361838/permalink/2127511431454393/,https://www.facebook.com/lubov.pletn.ova.2025/posts/pfbid0u7LGyYxHiKZ3GzAp8uTtfmviVjoYRxkzFXKnRWfjSo5NoFeA6FGcGPZPTPieN49Fl | https://www.facebook.com/photo/?fbid=2386781832126819 | https://www.facebook.com/sergij.kozlov.809611,1,/images/reports/2026-07/05-group-2127511431454393-2386781832126819.jpg,Дата из сайта; даты события и Facebook-публикации независимо не проверены.
2026-07-05,Захисники високо оцінили передані маскувальні сітки,reports,zsu,already_on_live_site,https://avku.org/reports/#report-report-2026-07-05-group-2127762378095965,apps/web/src/content/reports/report-2026-07-05-group-2127762378095965.md,https://www.facebook.com/groups/555103805361838/permalink/2127762378095965/,https://www.facebook.com/lubov.pletn.ova.2025/posts/pfbid02ctvWjvPiFYJ7iThkEvktFpqJuDEf7WDegFHA1tH5fXxTLXdwBVTnnJ6e72Q8DFhXl | https://www.facebook.com/photo/?fbid=2387030655435270 | https://www.facebook.com/photo/?fbid=2387030722101930 | https://www.facebook.com/photo/?fbid=2387030788768590 | https://www.facebook.com/photo/?fbid=2387030855435250 | https://www.facebook.com/sergij.kozlov.809611,4,/images/reports/2026-07/05-group-2127762378095965-2387030655435270.jpg | /images/reports/2026-07/05-group-2127762378095965-2387030722101930.jpg | /images/reports/2026-07/05-group-2127762378095965-2387030788768590.jpg | /images/reports/2026-07/05-group-2127762378095965-2387030855435250.jpg,Дата из сайта; даты события и Facebook-публикации независимо не проверены.
2026-07-06,Святошинські волонтери продовжують плести маскувальні сітки,reports,zsu,already_on_live_site,https://avku.org/reports/#report-report-2026-07-06-group-2128268958045307,apps/web/src/content/reports/report-2026-07-06-group-2128268958045307.md,https://www.facebook.com/groups/555103805361838/permalink/2128268958045307/,https://www.facebook.com/groups/1206167250190364/permalink/2278490006291411/ | https://www.facebook.com/photo/?fbid=28347495681517817 | https://www.facebook.com/photo/?fbid=28347496344851084 | https://www.facebook.com/photo/?fbid=28347497054851013 | https://www.facebook.com/photo/?fbid=28347497861517599 | https://www.facebook.com/sergij.kozlov.809611,4,/images/reports/2026-07/06-group-2128268958045307-28347495681517817.jpg | /images/reports/2026-07/06-group-2128268958045307-28347496344851084.jpg | /images/reports/2026-07/06-group-2128268958045307-28347497054851013.jpg | /images/reports/2026-07/06-group-2128268958045307-28347497861517599.jpg,Дата из сайта; даты события и Facebook-публикации независимо не проверены.
2026-07-08,«Біличанські Котики» прозвітували про допомогу ЗСУ,reports,zsu,already_on_live_site,https://avku.org/reports/#report-report-2026-07-08-group-2130114637860739,apps/web/src/content/reports/report-2026-07-08-group-2130114637860739.md,https://www.facebook.com/groups/555103805361838/permalink/2130114637860739/,https://www.facebook.com/groups/1253215151905288/permalink/2146987835861344/ | https://www.facebook.com/photo/?fbid=1931107490921908 | https://www.facebook.com/photo/?fbid=1931107524255238 | https://www.facebook.com/photo/?fbid=1931107570921900 | https://www.facebook.com/photo/?fbid=1931107610921896 | https://www.facebook.com/photo/?fbid=1931107667588557 | https://www.facebook.com/sergij.kozlov.809611 | https://www.facebook.com/svetlana.semenuk.332169/videos/1568714681932859/?idorvanity=1253215151905288,6,/videos/reports/2026/1568714681932859.mp4 | /images/reports/2026-07/08-group-2130114637860739-1931107490921908.jpg | /images/reports/2026-07/08-group-2130114637860739-1931107524255238.jpg | /images/reports/2026-07/08-group-2130114637860739-1931107570921900.jpg | /images/reports/2026-07/08-group-2130114637860739-1931107610921896.jpg | /images/reports/2026-07/08-group-2130114637860739-1931107667588557.jpg,Дата из сайта; даты события и Facebook-публикации независимо не проверены.
2026-07-10,АВКУ долучилася до збору на ремонт авто для Сумського напрямку,news,zsu,already_on_live_site,https://avku.org/news/#2026-07-10-sumy-car-repair,apps/web/src/content/news/2026-07-10-sumy-car-repair.md,https://www.facebook.com/bogdan.kolodiy.go/posts/pfbid0zLPcpihn6ofjswTGM7BM8VYGsZJJRdMHSa32EL733fRwB5nDaKJUAfpnBrK4sHFpl,,2,/images/reports/2026-07/10-sumy-car-repair-1.jpg | /images/reports/2026-07/10-sumy-car-repair-2.jpg,Дата из сайта; даты события и Facebook-публикации независимо не проверены.
2026-07-12,Фотозвіт Штабу Петрівського кварталу,reports,other,already_on_live_site,https://avku.org/reports/#report-report-2026-07-12-group-2133349740870562,apps/web/src/content/reports/report-2026-07-12-group-2133349740870562.md,https://www.facebook.com/groups/555103805361838/permalink/2133349740870562/,https://www.facebook.com/kozatzkiy/posts/pfbid035QH6G8u5QPucak7TigjKjpZXLttpvtgqRieRrRNSCDFmgTqootgn5pfGAZguWHrl | https://www.facebook.com/photo/?fbid=1050524210873083 | https://www.facebook.com/photo/?fbid=1050524214206416 | https://www.facebook.com/sergij.kozlov.809611,2,/images/reports/2026-07/12-group-2133349740870562-1050524210873083.webp | /images/reports/2026-07/12-group-2133349740870562-1050524214206416.webp,Дата из сайта; даты события и Facebook-публикации независимо не проверены.
2026-07-12,Захисники отримали маскувальні сітки й просять продовжити допомогу,reports,zsu,already_on_live_site,https://avku.org/reports/#report-report-2026-07-12-group-2133578670847669,apps/web/src/content/reports/report-2026-07-12-group-2133578670847669.md,https://www.facebook.com/groups/555103805361838/permalink/2133578670847669/,https://www.facebook.com/lubov.pletn.ova.2025/posts/pfbid024D33FcCBksdZwKGyLVJrAedVtq1QdK1eB2GvndAFs1pKKJaE3S8EfMMUwWdnhPUfl | https://www.facebook.com/photo/?fbid=2392992608172408 | https://www.facebook.com/photo/?fbid=2392992698172399 | https://www.facebook.com/sergij.kozlov.809611,2,/images/reports/2026-07/12-group-2133578670847669-2392992608172408.jpg | /images/reports/2026-07/12-group-2133578670847669-2392992698172399.jpg,Дата из сайта; даты события и Facebook-публикации независимо не проверены.
2026-07-13,Відправлення на Сумський і Запорізький напрямки вже у військах,reports,zsu,already_on_live_site,https://avku.org/reports/#report-report-2026-07-13-group-2134101564128713,apps/web/src/content/reports/report-2026-07-13-group-2134101564128713.md,https://www.facebook.com/groups/555103805361838/permalink/2134101564128713/,https://www.facebook.com/groups/1206167250190364/permalink/2285008432306235/ | https://www.facebook.com/photo/?fbid=28428855096715208 | https://www.facebook.com/photo/?fbid=28428855333381851 | https://www.facebook.com/photo/?fbid=28428855526715165 | https://www.facebook.com/photo/?fbid=28428855736715144 | https://www.facebook.com/sergij.kozlov.809611,4,/images/reports/2026-07/13-group-2134101564128713-28428855096715208.jpg | /images/reports/2026-07/13-group-2134101564128713-28428855333381851.jpg | /images/reports/2026-07/13-group-2134101564128713-28428855526715165.jpg | /images/reports/2026-07/13-group-2134101564128713-28428855736715144.jpg,Дата из сайта; даты события и Facebook-публикации независимо не проверены.
2026-07-13,Звістка від козаків для «Біличанських Котиків»,reports,zsu,already_on_live_site,https://avku.org/reports/#report-report-2026-07-13-group-2134564314082438,apps/web/src/content/reports/report-2026-07-13-group-2134564314082438.md,https://www.facebook.com/groups/555103805361838/permalink/2134564314082438/,https://www.facebook.com/groups/1253215151905288/permalink/2151487202078074/ | https://www.facebook.com/photo/?fbid=1935338760498781 | https://www.facebook.com/photo/?fbid=1935338810498776 | https://www.facebook.com/photo/?fbid=1935338840498773 | https://www.facebook.com/sergij.kozlov.809611,3,/images/reports/2026-07/13-group-2134564314082438-1935338760498781.jpg | /images/reports/2026-07/13-group-2134564314082438-1935338810498776.jpg | /images/reports/2026-07/13-group-2134564314082438-1935338840498773.jpg,Дата из сайта; даты события и Facebook-публикации независимо не проверены.
2026-07-14,Шістнадцять маскувальних сіток вирушили на два напрямки,reports,zsu,already_on_live_site,https://avku.org/reports/#report-report-2026-07-14-group-2135358230669713,apps/web/src/content/reports/report-2026-07-14-group-2135358230669713.md,https://www.facebook.com/groups/555103805361838/permalink/2135358230669713/,https://www.facebook.com/reel/25445725568458188/ | https://www.facebook.com/sergij.kozlov.809611,1,/videos/reports/2026/25445725568458188.mp4,Дата из сайта; даты события и Facebook-публикации независимо не проверены.
2026-07-15,Маскування передали 1-му мехбатальйону 67 ОМБр,reports,zsu,already_on_live_site,https://avku.org/reports/#report-report-2026-07-15-group-2135805410624995,apps/web/src/content/reports/report-2026-07-15-group-2135805410624995.md,https://www.facebook.com/groups/555103805361838/permalink/2135805410624995/,https://www.facebook.com/photo/?fbid=3626408047518430 | https://www.facebook.com/photo/?fbid=3626408100851758 | https://www.facebook.com/photo/?fbid=3626408177518417 | https://www.facebook.com/photo/?fbid=3626412124184689 | https://www.facebook.com/photo/?fbid=3626412200851348 | https://www.facebook.com/sergij.kozlov.809611 | https://www.facebook.com/svitlana.zukovina/posts/pfbid02jXTRNmv7bBcAyfQXQYKFZtkVkzF8cvUm938QYsAHfK8NDM8QSXPuyuHyZeEveGkl,5,/images/reports/2026-07/15-group-2135805410624995-3626408047518430.jpg | /images/reports/2026-07/15-group-2135805410624995-3626408100851758.jpg | /images/reports/2026-07/15-group-2135805410624995-3626408177518417.jpg | /images/reports/2026-07/15-group-2135805410624995-3626412124184689.jpg | /images/reports/2026-07/15-group-2135805410624995-3626412200851348.jpg,Дата из сайта; даты события и Facebook-публикации независимо не проверены.
2026-07-17,Допомогу передали 3-й окремій штурмовій бригаді на Ізюмський напрямок,news,zsu,already_on_live_site,https://avku.org/news/#2026-07-17-3-assault-brigade-aid,apps/web/src/content/news/2026-07-17-3-assault-brigade-aid.md,https://www.facebook.com/bogdan.kolodiy.go/posts/pfbid02zitReUvHkVKnqfvuNMiv23CFkhtfaezkxTtMrL5uC38XKxnGKypnko3bCoqtfcXil,https://www.facebook.com/bogdan.kolodiy.go/videos/2578390035930077/,2,/images/reports/2026-07/17-3-assault-brigade-aid.jpg | /videos/reports/2026/2578390035930077.mp4,Дата из сайта; даты события и Facebook-публикации независимо не проверены.
2026-07-20,Захисники подякували за тепловізор DEFENDER 325,reports,repair,already_on_live_site,https://avku.org/reports/#report-report-2026-07-20-group-2140112320194304,apps/web/src/content/reports/report-2026-07-20-group-2140112320194304.md,https://www.facebook.com/groups/555103805361838/permalink/2140112320194304/,https://www.facebook.com/reel/1505656157548276/ | https://www.facebook.com/sergij.kozlov.809611,1,/videos/reports/2026/1505656157548276.mp4,Дата из сайта; даты события и Facebook-публикации независимо не проверены.
2026-07-21,Допомогу та маскувальні сітки відправили на гарячі напрямки,reports,zsu,already_on_live_site,https://avku.org/reports/#report-report-2026-07-21-group-2140417283497141,apps/web/src/content/reports/report-2026-07-21-group-2140417283497141.md,https://www.facebook.com/groups/555103805361838/permalink/2140417283497141/,https://www.facebook.com/lubov.pletn.ova.2025/posts/pfbid0Hgyu3Adn9n5KCArmWFtHQCnLVLZv3anqydyTQk5CiWoWmMbGbkKPAQkRbiAd93KMl | https://www.facebook.com/photo/?fbid=2400061900798812 | https://www.facebook.com/photo/?fbid=2400061987465470 | https://www.facebook.com/photo/?fbid=2400062077465461 | https://www.facebook.com/photo/?fbid=2400062174132118 | https://www.facebook.com/photo/?fbid=2400062240798778 | https://www.facebook.com/sergij.kozlov.809611,5,/images/reports/2026-07/21-group-2140417283497141-2400061900798812.jpg | /images/reports/2026-07/21-group-2140417283497141-2400061987465470.jpg | /images/reports/2026-07/21-group-2140417283497141-2400062077465461.jpg | /images/reports/2026-07/21-group-2140417283497141-2400062174132118.jpg | /images/reports/2026-07/21-group-2140417283497141-2400062240798778.jpg,Дата из сайта; даты события и Facebook-публикации независимо не проверены.
2026-07-22,П’ятнадцять маскувальних сіток передали військовій частині 3005,reports,zsu,already_on_live_site,https://avku.org/reports/#report-report-2026-07-22-group-2141383023400567,apps/web/src/content/reports/report-2026-07-22-group-2141383023400567.md,https://www.facebook.com/groups/555103805361838/permalink/2141383023400567/,https://www.facebook.com/reel/975280772230462/ | https://www.facebook.com/sergij.kozlov.809611,1,/videos/reports/2026/975280772230462.mp4,Дата из сайта; даты события и Facebook-публикации независимо не проверены.
2026-07-25,«Біличанські Котики» отримали нові звіти від захисників,reports,zsu,already_on_live_site,https://avku.org/reports/#report-report-2026-07-25-group-2143513696520833,apps/web/src/content/reports/report-2026-07-25-group-2143513696520833.md,https://www.facebook.com/groups/555103805361838/permalink/2143513696520833/,https://www.facebook.com/groups/1253215151905288/permalink/2160312381195556/ | https://www.facebook.com/photo/?fbid=1943718169660840 | https://www.facebook.com/photo/?fbid=1943718199660837 | https://www.facebook.com/photo/?fbid=1943718236327500 | https://www.facebook.com/photo/?fbid=1943718289660828 | https://www.facebook.com/sergij.kozlov.809611,4,/images/reports/2026-07/25-group-2143513696520833-1943718169660840.jpg | /images/reports/2026-07/25-group-2143513696520833-1943718199660837.jpg | /images/reports/2026-07/25-group-2143513696520833-1943718236327500.jpg | /images/reports/2026-07/25-group-2143513696520833-1943718289660828.jpg,Дата из сайта; даты события и Facebook-публикации независимо не проверены.
2026-07-26,Храмове свято парафії святих Бориса і Гліба у Вишгороді,news,events,already_on_live_site,https://avku.org/news/#2026-07-26-borys-hlib-temple-feast,apps/web/src/content/news/2026-07-26-borys-hlib-temple-feast.md,https://www.facebook.com/bogdan.kolodiy.go/posts/pfbid07ajz9FDafT9nHUhpjUbxZ5fDxEk7s91GnBZzxuQULhwc1wRJGpFAZXDGawdSPmJSl,,9,/images/reports/2026-07/26-borys-hlib-temple-1.jpg | /images/reports/2026-07/26-borys-hlib-temple-2.jpg | /images/reports/2026-07/26-borys-hlib-temple-3.jpg | /images/reports/2026-07/26-borys-hlib-temple-4.jpg | /images/reports/2026-07/26-borys-hlib-temple-5.jpg | /images/reports/2026-07/26-borys-hlib-temple-6.jpg | /images/reports/2026-07/26-borys-hlib-temple-7.jpg | /images/reports/2026-07/26-borys-hlib-temple-8.jpg | /images/reports/2026-07/26-borys-hlib-temple-9.jpg,Дата из сайта; даты события и Facebook-публикации независимо не проверены.
2026-07-27,Данило Явгусішин здобув Кубок Імператора в Японії,news,community,already_on_live_site,https://avku.org/news/#2026-07-27-aonishiki-emperor-cup,apps/web/src/content/news/2026-07-27-aonishiki-emperor-cup.md,https://www.facebook.com/bogdan.kolodiy.go/posts/pfbid03Eo21h3Wv7npyT4icNgmb2qgPR1PFmRnQ5BBondB6UzCpNEB28xKbViqN7h3pSrdl,,2,/images/reports/2026-07/27-aonishiki-emperor-cup-1.jpg | /images/reports/2026-07/27-aonishiki-emperor-cup-2.jpg,Дата из сайта; даты события и Facebook-публикации независимо не проверены.
2026-07-29,Воїни підтвердили отримання гуманітарної допомоги,news,humanitarian,already_on_live_site,https://avku.org/news/#2026-07-29-humanitarian-aid-feedback,apps/web/src/content/news/2026-07-29-humanitarian-aid-feedback.md,https://www.facebook.com/bogdan.kolodiy.go/posts/pfbid036kMpd256Xp2K3XNdNyQ2acR82ecQhytHz2PH4MUChaP2DVusmw3X4cWmmEPTPEDul,,4,/images/reports/2026-07/29-humanitarian-feedback-1.jpg | /images/reports/2026-07/29-humanitarian-feedback-2.jpg | /images/reports/2026-07/29-humanitarian-feedback-3.jpg | /images/reports/2026-07/29-humanitarian-feedback-4.jpg,Дата из сайта; даты события и Facebook-публикации независимо не проверены.
2026-07-30,Автомобіль для медиків 25 ОПДБр доставили до Києва,reports,zsu,already_on_live_site,https://avku.org/reports/#report-report-2026-07-30-group-2148524189353117,apps/web/src/content/reports/report-2026-07-30-group-2148524189353117.md,https://www.facebook.com/groups/555103805361838/permalink/2148524189353117/,https://www.facebook.com/hryhorii.foia/posts/pfbid02GjwPCZi6yv2dimEje5ViqeR38ukJexQFMQKZvR7grcwvdpD24LFVDzyy48BWeDdHl | https://www.facebook.com/photo/?fbid=27451637611202525 | https://www.facebook.com/sergij.kozlov.809611,1,/images/reports/2026-07/30-group-2148524189353117-27451637611202525.jpg,Дата из сайта; даты события и Facebook-публикации независимо не проверены.
2026-08-02,"АВКУ передала захисникам воду, медичні засоби та маскування",news,humanitarian,already_on_live_site,https://avku.org/news/#2026-08-02-humanitarian-aid,apps/web/src/content/news/2026-08-02-humanitarian-aid.md,https://www.facebook.com/bogdan.kolodiy.go/posts/pfbid0d13K5jCMWWmL48kSL5GLsCz39tdJ9hkNuc3upAur4KHVJHGP8dCB1vPamLZpP5BDl,https://www.facebook.com/bogdan.kolodiy.go/videos/893751963355501/,5,/images/reports/2026-08/02-humanitarian-aid-1.jpg | /images/reports/2026-08/02-humanitarian-aid-2.jpg | /images/reports/2026-08/02-humanitarian-aid-3.jpg | /images/reports/2026-08/02-humanitarian-aid-4.jpg | /videos/reports/2026/893751963355501.mp4,Дата из сайта; даты события и Facebook-публикации независимо не проверены.
2026-08-03,Захисники надіслали відгук про маскувальні сітки,reports,zsu,already_on_live_site,https://avku.org/reports/#report-report-2026-08-03-group-2151965509008985,apps/web/src/content/reports/report-2026-08-03-group-2151965509008985.md,https://www.facebook.com/groups/555103805361838/permalink/2151965509008985/,https://www.facebook.com/reel/27626537850351516/ | https://www.facebook.com/sergij.kozlov.809611,1,/videos/reports/2026/27626537850351516.mp4,Дата из сайта; даты события и Facebook-публикации независимо не проверены.
2026-08-04,За липень сплели 1266 м² маскувальних сіток,reports,zsu,already_on_live_site,https://avku.org/reports/#report-report-2026-08-04-group-2152401632298706,apps/web/src/content/reports/report-2026-08-04-group-2152401632298706.md,https://www.facebook.com/groups/555103805361838/permalink/2152401632298706/,https://www.facebook.com/groups/1206167250190364/permalink/2304146753725736/ | https://www.facebook.com/photo/?fbid=4618191058427883 | https://www.facebook.com/photo/?fbid=4618191098427879 | https://www.facebook.com/photo/?fbid=4618191148427874 | https://www.facebook.com/photo/?fbid=4618191191761203 | https://www.facebook.com/photo/?fbid=4618191238427865 | https://www.facebook.com/photo/?fbid=4618191275094528 | https://www.facebook.com/photo/?fbid=4618191305094525 | https://www.facebook.com/photo/?fbid=4618191375094518 | https://www.facebook.com/photo/?fbid=4618191425094513 | https://www.facebook.com/sergij.kozlov.809611,9,/images/reports/2026-08/04-group-2152401632298706-4618191058427883.jpg | /images/reports/2026-08/04-group-2152401632298706-4618191098427879.jpg | /images/reports/2026-08/04-group-2152401632298706-4618191148427874.jpg | /images/reports/2026-08/04-group-2152401632298706-4618191191761203.jpg | /images/reports/2026-08/04-group-2152401632298706-4618191238427865.jpg | /images/reports/2026-08/04-group-2152401632298706-4618191275094528.jpg | /images/reports/2026-08/04-group-2152401632298706-4618191305094525.jpg | /images/reports/2026-08/04-group-2152401632298706-4618191375094518.jpg | /images/reports/2026-08/04-group-2152401632298706-4618191425094513.jpg,Дата из сайта; даты события и Facebook-публикации независимо не проверены.
2026-08-07,Одинадцять маскувальних сіток відправили на Харківський напрямок,reports,zsu,already_on_live_site,https://avku.org/reports/#report-report-2026-08-07-group-2154921278713408,apps/web/src/content/reports/report-2026-08-07-group-2154921278713408.md,https://www.facebook.com/groups/555103805361838/permalink/2154921278713408/,https://www.facebook.com/lubov.pletn.ova.2025/posts/pfbid034eGCeSH4ceNfAqKA9Ep3boxuCxACJj7WX2gfVGHzMqRQTzXxE3aeoQ71KBHyA7TPl | https://www.facebook.com/photo/?fbid=2415294239275578 | https://www.facebook.com/photo/?fbid=2415294282608907 | https://www.facebook.com/sergij.kozlov.809611,2,/images/reports/2026-08/07-group-2154921278713408-2415294239275578.jpg | /images/reports/2026-08/07-group-2154921278713408-2415294282608907.jpg,Дата из сайта; даты события и Facebook-публикации независимо не проверены.
2026-08-07,Фронтові звіти та подяка військової частини А5106,reports,zsu,already_on_live_site,https://avku.org/reports/#report-report-2026-08-07-group-2155343442004525,apps/web/src/content/reports/report-2026-08-07-group-2155343442004525.md,https://www.facebook.com/groups/555103805361838/permalink/2155343442004525/,https://www.facebook.com/groups/1253215151905288/permalink/2172143273345800/ | https://www.facebook.com/photo/?fbid=1955035385195785 | https://www.facebook.com/photo/?fbid=1955035428529114 | https://www.facebook.com/photo/?fbid=1955035498529107 | https://www.facebook.com/photo/?fbid=1955035538529103 | https://www.facebook.com/photo/?fbid=1955035591862431 | https://www.facebook.com/photo/?fbid=1955035631862427 | https://www.facebook.com/sergij.kozlov.809611,6,/images/reports/2026-08/07-group-2155343442004525-1955035385195785.jpg | /images/reports/2026-08/07-group-2155343442004525-1955035428529114.jpg | /images/reports/2026-08/07-group-2155343442004525-1955035498529107.jpg | /images/reports/2026-08/07-group-2155343442004525-1955035538529103.jpg | /images/reports/2026-08/07-group-2155343442004525-1955035591862431.jpg | /images/reports/2026-08/07-group-2155343442004525-1955035631862427.jpg,Дата из сайта; даты события и Facebook-публикации независимо не проверены.
